N,P,K,temperature,humidity,ph,rainfall,label
85.0,36.7,41.8,22.34,74.03,6.77,254.92,rice
78.6,44.6,42.8,22.88,79.0,7.16,212.95,rice
86.5,45.3,45.4,25.49,82.03,5.84,257.74,rice
95.2,41.6,45.3,25.22,82.23,6.63,269.89,rice
77.7,46.7,33.1,23.96,79.75,6.14,246.34,rice
77.7,51.2,35.3,24.23,85.11,6.21,282.92,rice
95.8,63.1,42.6,26.56,76.66,6.16,216.66,rice
87.7,49.4,42.6,22.82,81.29,6.05,204.88,rice
75.3,50.1,42.6,25.09,82.6,6.42,191.53,rice
85.4,47.4,59.3,23.6,84.57,6.07,273.4,rice
75.4,32.6,42.9,23.56,85.56,6.51,252.36,rice
75.3,47.8,45.7,26.2,76.38,6.38,234.61,rice
82.4,48.5,44.8,25.65,74.33,6.3,243.0,rice
60.9,67.7,43.3,25.63,88.39,6.04,207.86,rice
62.8,46.5,38.4,26.61,83.66,6.17,297.14,rice
74.4,50.4,43.8,24.04,78.26,6.7,239.23,rice
69.9,47.7,36.1,25.36,89.76,6.6,238.73,rice
83.1,38.7,38.8,23.38,82.58,6.01,254.14,rice
70.9,57.1,37.6,24.65,87.9,6.44,248.03,rice
65.9,54.0,40.4,23.74,82.34,6.7,241.6,rice
94.7,54.3,51.6,24.19,92.3,5.73,216.24,rice
77.7,40.7,30.7,25.19,90.78,6.62,247.79,rice
80.7,59.2,43.4,22.36,80.76,6.13,283.05,rice
65.8,36.8,31.9,28.18,86.86,6.63,269.64,rice
74.6,52.7,37.6,21.99,85.23,6.09,275.83,rice
81.1,65.5,45.4,21.57,88.84,5.68,223.22,rice
68.5,40.1,40.3,26.32,77.18,5.75,211.26,rice
83.8,43.5,34.6,25.58,85.43,6.42,232.86,rice
74.0,48.8,36.4,25.25,87.29,6.5,237.39,rice
77.1,44.0,43.4,25.26,73.21,6.04,263.35,rice
74.0,35.6,36.3,23.98,76.08,6.66,193.69,rice
98.5,48.5,41.1,22.21,71.8,5.74,274.24,rice
79.9,39.5,40.2,24.15,80.65,6.37,232.05,rice
69.4,51.8,36.7,22.65,85.59,5.92,225.33,rice
88.2,40.6,50.7,25.95,89.51,6.14,210.7,rice
67.8,60.4,43.2,23.71,82.37,6.42,194.63,rice
82.1,41.7,29.9,22.35,90.14,6.06,256.58,rice
60.4,45.4,40.9,23.36,75.1,6.25,237.83,rice
66.7,54.5,36.7,24.83,73.48,6.8,203.75,rice
82.0,38.2,44.3,22.87,81.72,6.17,203.62,rice
87.4,49.8,36.0,22.36,83.92,6.73,227.61,rice
81.7,58.5,39.4,24.49,81.84,5.95,277.73,rice
78.8,35.1,42.5,24.49,71.66,6.61,229.51,rice
77.0,49.5,44.3,22.99,81.55,6.98,198.42,rice
65.2,50.1,34.0,23.06,75.48,5.41,229.86,rice
72.8,54.3,38.3,24.46,85.35,6.08,229.18,rice
75.4,38.1,37.6,21.1,83.83,6.63,168.58,rice
90.6,37.4,36.7,21.19,77.3,6.32,234.64,rice
83.4,52.2,48.8,22.56,79.43,6.55,230.23,rice
62.4,50.4,42.0,23.57,76.7,6.16,253.41,rice
83.2,50.0,33.7,24.62,81.69,6.43,282.22,rice
76.1,50.8,44.6,26.95,86.78,6.34,264.16,rice
73.2,42.6,50.6,25.72,77.07,6.87,229.28,rice
86.1,49.9,45.2,23.68,84.52,6.5,208.34,rice
90.3,50.3,32.4,23.96,79.35,6.54,300.0,rice
89.3,42.3,37.6,21.99,78.04,6.24,237.48,rice
71.6,62.9,46.3,23.96,81.46,6.2,236.35,rice
76.9,51.8,36.5,23.42,76.82,6.23,235.4,rice
83.3,38.5,42.2,24.65,79.23,6.56,240.95,rice
89.8,53.3,43.9,22.35,76.01,6.23,232.39,rice
75.2,40.2,35.4,25.04,91.82,6.52,221.66,rice
78.1,54.3,39.7,27.07,82.18,7.23,222.33,rice
68.9,57.3,23.8,23.78,78.5,6.75,235.18,rice
68.0,41.4,34.9,24.8,83.07,6.27,222.41,rice
88.1,55.7,38.7,25.38,81.44,6.88,218.18,rice
93.6,51.3,33.8,23.2,80.9,6.24,238.66,rice
79.3,54.6,48.2,24.45,85.07,5.58,229.63,rice
90.0,63.2,32.8,24.03,85.79,6.0,273.6,rice
83.6,46.0,37.8,24.2,79.35,5.65,169.73,rice
73.5,42.0,40.7,22.45,79.12,6.26,263.29,rice
83.6,40.9,47.2,24.05,80.62,6.41,267.15,rice
95.4,41.5,32.8,25.0,70.49,7.07,184.17,rice
79.6,47.4,45.8,26.9,74.42,6.53,227.43,rice
95.6,50.7,40.1,25.92,88.83,6.31,226.71,rice
53.8,50.2,35.1,28.31,90.22,6.73,200.81,rice
88.2,54.6,42.3,22.47,80.75,5.52,216.55,rice
80.9,48.1,41.0,25.74,84.88,6.49,208.24,rice
77.0,59.6,37.0,24.37,83.56,6.71,279.81,rice
80.9,45.9,40.3,28.38,97.39,5.81,259.39,rice
60.1,69.8,38.1,22.38,87.6,6.86,267.79,rice
77.8,53.0,40.6,22.32,81.36,6.54,254.04,rice
83.6,41.1,43.3,22.8,77.22,6.23,207.77,rice
94.8,39.4,47.9,19.75,73.97,6.65,222.89,rice
74.8,51.9,33.8,22.95,83.02,7.31,248.23,rice
71.9,46.2,50.7,22.48,78.22,6.47,205.45,rice
75.0,53.7,30.2,24.3,74.89,6.5,253.82,rice
89.2,51.8,39.2,24.68,78.77,6.22,229.99,rice
83.3,47.4,42.9,27.75,76.59,6.06,226.63,rice
74.7,41.2,41.4,25.9,90.44,6.73,253.77,rice
85.1,35.9,36.9,22.85,86.41,6.06,247.11,rice
81.0,44.4,39.0,22.2,81.96,6.43,226.98,rice
89.7,54.9,37.5,24.98,89.4,6.21,264.98,rice
73.0,49.7,37.1,21.36,82.39,6.59,208.97,rice
76.7,38.0,44.2,27.66,77.69,6.53,251.4,rice
76.1,49.4,41.8,26.36,89.62,6.82,250.83,rice
65.4,51.1,36.5,23.06,84.69,6.2,228.26,rice
83.0,40.9,44.5,20.57,76.81,6.29,244.15,rice
82.6,49.2,41.5,26.71,81.05,6.01,204.72,rice
80.1,48.5,44.1,23.77,77.62,6.22,259.1,rice
77.7,38.9,43.1,26.48,75.09,6.55,231.38,rice
71.7,55.5,21.5,26.2,72.98,6.25,74.98,maize
90.6,43.9,18.4,24.77,41.83,6.03,99.88,maize
69.5,48.8,20.1,22.18,81.71,6.25,82.38,maize
61.1,44.3,25.1,20.06,63.88,6.42,73.66,maize
59.3,44.5,20.8,24.09,73.87,6.22,93.05,maize
85.3,45.5,20.2,23.18,56.68,6.22,71.52,maize
62.6,49.8,14.6,24.69,69.9,5.92,85.42,maize
99.1,44.2,23.0,23.91,56.57,5.93,84.86,maize
53.0,58.0,22.6,25.15,60.01,5.64,101.29,maize
98.4,40.8,28.7,20.39,80.31,6.9,92.12,maize
80.5,46.5,18.8,25.95,63.47,5.7,84.62,maize
76.8,44.5,20.9,22.59,66.74,5.92,97.27,maize
71.5,59.6,21.0,28.23,71.96,5.91,105.85,maize
82.8,49.6,26.3,19.93,68.97,6.56,93.37,maize
77.5,56.3,19.6,27.21,66.2,6.08,85.16,maize
91.2,36.1,21.1,22.59,67.92,6.7,65.32,maize
79.4,50.1,22.4,20.05,84.23,5.93,69.02,maize
79.8,55.1,20.7,20.55,64.54,6.31,80.42,maize
73.6,48.7,18.2,21.04,66.61,5.87,75.86,maize
77.3,56.5,20.8,23.27,73.41,7.06,82.2,maize
81.7,43.9,24.3,23.57,73.84,5.72,85.85,maize
57.5,59.3,15.9,20.28,74.5,6.32,92.95,maize
61.8,66.4,20.5,21.93,70.11,6.45,83.94,maize
86.9,45.1,17.2,28.43,55.86,6.37,92.3,maize
80.1,44.4,24.8,27.18,78.07,6.13,85.97,maize
75.8,59.6,13.9,23.31,55.83,6.15,55.37,maize
78.2,60.6,17.8,22.11,67.42,6.22,70.91,maize
82.2,43.8,21.5,22.36,58.97,6.14,82.84,maize
71.5,44.6,26.3,23.84,64.49,6.59,66.85,maize
68.7,45.7,19.7,18.93,67.63,7.08,94.0,maize
80.4,37.2,17.8,21.23,67.57,5.98,107.96,maize
66.3,40.7,27.5,16.99,68.38,5.65,103.28,maize
82.9,40.0,14.2,23.2,77.91,6.16,81.8,maize
57.6,41.9,11.2,23.94,68.63,7.23,107.36,maize
90.3,47.7,21.8,20.55,63.05,5.88,87.23,maize
83.7,49.9,18.0,26.72,72.71,6.86,79.94,maize
81.1,60.4,15.9,18.32,74.52,6.87,75.8,maize
89.8,40.0,22.8,17.61,55.18,5.98,80.46,maize
98.0,55.9,21.0,22.67,69.78,6.43,79.18,maize
90.2,46.3,17.7,25.14,70.61,6.85,87.56,maize
55.9,47.6,14.9,27.05,62.62,6.05,87.41,maize
62.6,53.4,23.5,20.62,76.01,6.12,85.05,maize
70.5,39.0,22.6,25.24,63.8,5.97,91.55,maize
78.3,51.1,19.6,21.88,66.0,5.79,102.86,maize
84.2,49.3,27.4,21.48,63.62,5.94,99.24,maize
69.3,51.9,15.7,24.65,65.12,5.71,62.73,maize
80.2,50.3,13.9,23.96,56.23,6.21,46.69,maize
68.9,67.6,17.2,17.27,53.48,5.89,99.01,maize
70.7,42.9,19.8,26.43,77.76,6.29,64.5,maize
61.1,43.8,21.0,26.14,58.22,5.58,81.63,maize
66.9,43.0,19.0,20.12,57.07,6.33,67.45,maize
61.8,43.6,21.4,23.19,47.77,6.53,57.97,maize
66.3,42.9,15.0,23.48,59.89,5.4,93.12,maize
90.6,57.5,25.8,22.78,54.42,6.35,96.39,maize
66.6,59.4,19.7,20.35,78.14,6.69,76.35,maize
109.6,43.4,24.5,19.99,73.08,5.72,46.13,maize
83.9,41.3,21.4,21.92,59.49,6.87,76.81,maize
80.2,51.8,21.8,25.52,83.02,6.37,90.88,maize
67.7,43.6,22.3,23.63,72.85,5.92,62.82,maize
86.4,53.1,21.8,20.89,62.4,6.18,87.75,maize
71.1,49.6,22.6,24.32,45.0,6.42,84.77,maize
79.5,35.9,25.3,13.45,83.33,6.23,93.69,maize
108.7,60.4,20.8,25.45,53.88,6.42,86.79,maize
76.8,62.4,22.8,16.78,51.84,5.83,70.4,maize
91.8,43.1,19.6,20.91,73.18,6.27,102.95,maize
69.6,44.9,25.8,18.64,84.52,5.63,82.62,maize
77.6,50.3,17.3,18.12,76.07,6.16,84.59,maize
99.2,50.7,27.2,25.48,69.51,5.84,71.0,maize
70.5,53.3,19.8,20.6,69.76,5.91,78.35,maize
99.7,64.1,14.3,23.04,71.83,6.69,71.73,maize
86.5,46.6,20.5,21.86,71.07,6.64,82.41,maize
71.3,41.6,17.3,23.43,67.25,6.44,110.68,maize
85.6,37.0,23.4,22.23,65.83,5.76,64.42,maize
89.7,42.2,17.4,18.15,64.5,6.07,60.8,maize
85.5,47.7,18.2,24.99,58.97,6.69,107.07,maize
59.2,62.4,12.4,20.52,62.75,6.26,81.86,maize
69.3,43.9,18.2,17.33,51.46,7.13,74.96,maize
75.0,49.8,10.3,20.72,64.21,6.36,100.6,maize
77.1,47.9,13.7,26.5,57.09,6.28,75.92,maize
85.4,57.5,23.0,24.55,56.17,6.08,112.39,maize
80.1,68.2,23.1,20.95,66.44,6.25,95.17,maize
62.0,43.8,21.7,20.95,76.14,6.14,77.68,maize
82.6,44.1,16.1,21.04,72.35,6.48,117.36,maize
85.3,56.4,19.8,28.23,52.44,6.58,75.91,maize
84.7,53.5,20.0,23.15,57.08,5.89,96.13,maize
91.0,62.8,15.4,23.29,72.53,5.67,89.49,maize
88.0,52.7,26.0,25.09,57.14,5.47,104.53,maize
83.5,45.1,23.5,22.72,63.2,6.4,108.42,maize
77.2,52.7,19.1,21.22,69.4,5.76,85.48,maize
58.1,56.9,20.1,21.41,57.25,5.34,73.7,maize
83.2,54.6,20.8,21.79,65.84,6.36,91.9,maize
80.5,52.1,11.8,21.89,54.33,7.2,74.83,maize
81.3,56.5,19.0,24.18,60.19,6.2,115.2,maize
62.7,57.4,17.3,22.16,67.56,6.54,87.05,maize
65.0,59.1,16.0,24.2,52.26,6.23,79.52,maize
90.6,53.2,18.9,21.76,68.52,6.16,87.77,maize
77.5,46.7,27.2,22.24,64.84,6.57,64.79,maize
86.2,49.2,22.6,16.01,69.42,6.08,70.43,maize
78.3,57.7,17.7,24.75,66.79,6.31,103.01,maize
78.4,41.5,22.3,23.04,75.91,6.33,75.15,maize
33.7,74.2,77.7,19.7,22.7,7.58,73.25,chickpea
43.2,63.6,88.6,19.98,16.82,7.17,78.55,chickpea
47.1,61.5,74.5,20.27,14.87,7.77,72.08,chickpea
44.3,68.0,73.4,21.22,12.46,7.45,76.92,chickpea
46.0,66.6,75.6,19.82,11.59,7.26,61.06,chickpea
35.5,64.4,72.3,18.52,12.25,7.48,82.13,chickpea
31.5,73.6,79.9,20.35,17.8,6.67,80.01,chickpea
49.0,75.6,90.4,22.8,18.53,6.85,71.83,chickpea
38.1,68.7,81.3,18.73,12.26,6.82,86.59,chickpea
38.5,79.8,77.2,17.05,19.69,7.36,89.38,chickpea
48.0,58.9,77.0,21.21,15.55,7.99,63.92,chickpea
43.3,66.5,68.1,18.76,17.44,8.19,72.37,chickpea
42.7,62.3,85.2,14.65,21.84,7.56,72.31,chickpea
53.0,53.1,78.5,20.69,19.69,7.5,70.6,chickpea
36.1,67.3,77.7,17.93,16.19,6.58,88.29,chickpea
45.6,67.0,101.4,18.82,14.33,7.08,78.06,chickpea
40.3,80.1,81.1,19.66,10.54,6.98,77.35,chickpea
41.6,73.0,73.7,19.38,14.84,7.05,59.96,chickpea
49.2,59.8,76.0,20.42,16.37,7.23,86.35,chickpea
43.0,82.8,87.0,18.13,14.04,7.11,67.61,chickpea
43.2,77.8,79.8,20.03,16.61,6.51,80.6,chickpea
46.4,72.7,68.9,18.48,17.23,7.6,82.77,chickpea
37.8,66.2,85.4,20.48,16.33,6.87,93.61,chickpea
35.0,60.3,74.3,20.23,15.05,7.4,66.91,chickpea
33.7,65.0,92.1,17.13,17.51,8.13,49.8,chickpea
28.2,76.7,86.6,21.17,18.33,6.93,81.84,chickpea
52.3,83.1,75.9,17.93,13.73,6.29,98.01,chickpea
33.4,80.3,88.0,20.62,21.23,7.19,92.39,chickpea
38.7,64.1,79.5,19.73,16.7,7.74,82.1,chickpea
38.3,59.0,85.0,22.68,17.06,8.08,75.08,chickpea
41.8,69.1,82.4,18.55,19.12,6.81,88.07,chickpea
44.9,53.9,73.1,18.3,17.7,7.5,70.26,chickpea
45.2,70.6,74.5,18.96,19.86,7.11,84.76,chickpea
36.5,66.8,86.2,18.39,17.86,7.26,85.05,chickpea
39.0,64.3,76.7,20.6,15.16,8.36,90.6,chickpea
41.7,55.2,76.2,15.77,18.08,6.7,107.6,chickpea
38.5,72.1,72.3,16.89,13.57,7.4,83.92,chickpea
49.6,63.7,82.0,16.86,17.33,7.49,74.91,chickpea
42.9,58.6,93.4,20.9,16.9,7.73,79.74,chickpea
44.4,45.0,71.5,22.42,16.38,7.34,62.31,chickpea
44.0,67.8,79.2,18.79,16.61,7.42,73.05,chickpea
47.0,82.2,88.9,18.66,11.35,7.14,75.91,chickpea
41.1,81.3,78.4,19.14,15.35,7.41,74.76,chickpea
32.2,64.3,82.2,21.32,17.28,7.16,81.52,chickpea
42.4,63.2,71.6,17.15,17.48,7.55,71.78,chickpea
36.1,71.8,82.0,19.48,13.92,7.15,91.21,chickpea
36.8,60.0,77.7,20.95,20.8,7.45,80.0,chickpea
43.5,70.4,85.9,20.0,14.4,7.29,79.91,chickpea
47.4,74.1,87.3,19.38,19.91,7.75,76.72,chickpea
40.1,77.8,97.1,21.0,18.28,7.28,81.55,chickpea
41.9,67.2,83.1,13.59,15.06,6.59,88.25,chickpea
50.2,66.4,81.3,20.36,22.33,7.8,71.33,chickpea
41.4,61.0,80.4,17.69,13.42,6.94,73.42,chickpea
55.6,61.4,76.5,15.34,19.76,7.04,76.96,chickpea
43.4,66.2,81.4,20.02,20.0,7.06,66.54,chickpea
29.4,70.9,76.9,21.75,14.99,7.85,71.81,chickpea
44.5,75.3,80.2,18.73,21.18,6.45,75.24,chickpea
42.3,61.6,88.2,20.91,16.25,8.56,88.74,chickpea
47.7,79.9,72.0,22.22,17.87,7.72,82.63,chickpea
44.0,65.8,87.0,21.63,17.78,7.39,81.94,chickpea
39.2,67.8,88.2,22.28,16.6,7.28,88.51,chickpea
32.7,62.0,78.2,20.48,19.43,7.41,78.63,chickpea
38.7,48.6,64.1,19.15,19.38,7.51,83.9,chickpea
34.9,75.1,74.7,15.8,11.75,7.56,78.97,chickpea
36.5,73.9,88.1,18.51,20.91,7.52,82.65,chickpea
43.5,65.7,78.8,17.31,12.01,7.34,74.17,chickpea
50.0,68.5,72.0,23.34,20.1,7.22,55.61,chickpea
42.4,72.1,75.5,18.65,20.38,7.24,78.66,chickpea
32.8,55.5,84.9,19.25,13.73,7.22,94.23,chickpea
42.7,63.8,82.8,20.1,15.77,7.75,89.26,chickpea
47.2,74.4,77.3,19.09,13.68,7.54,89.65,chickpea
36.3,58.0,76.4,22.39,16.36,6.12,92.36,chickpea
39.2,70.3,76.3,17.75,16.08,7.56,80.89,chickpea
40.1,57.1,72.5,19.39,19.34,7.38,81.97,chickpea
35.3,71.7,90.3,17.52,20.93,7.29,73.82,chickpea
43.9,67.7,76.7,16.36,21.19,7.14,76.84,chickpea
39.3,55.1,87.5,17.78,15.31,7.75,86.16,chickpea
42.5,77.3,89.6,18.93,16.37,7.68,92.04,chickpea
34.7,62.1,86.0,18.14,11.95,6.99,78.61,chickpea
37.4,61.5,76.0,17.62,14.58,7.46,75.5,chickpea
44.3,69.6,81.8,16.19,19.89,6.91,80.01,chickpea
37.8,77.2,78.8,18.83,21.85,6.75,86.01,chickpea
50.4,59.9,72.7,15.99,13.3,7.05,65.56,chickpea
37.6,68.5,81.3,20.52,15.22,7.64,57.04,chickpea
41.3,71.4,70.7,19.16,16.92,7.68,74.49,chickpea
45.6,73.5,87.3,16.08,17.84,7.51,67.79,chickpea
31.5,69.4,75.7,18.38,14.57,7.59,74.92,chickpea
29.4,65.1,80.4,17.5,18.27,7.51,78.52,chickpea
30.8,61.4,81.0,19.64,15.58,7.04,75.47,chickpea
47.6,68.7,77.2,21.68,16.96,7.47,94.52,chickpea
36.7,59.4,83.1,15.25,18.64,7.62,83.27,chickpea
55.3,44.6,75.7,19.23,17.02,7.6,83.0,chickpea
36.6,71.5,85.1,18.68,15.69,7.78,86.22,chickpea
41.1,75.2,69.6,20.34,16.67,7.58,68.61,chickpea
49.3,49.1,79.9,19.43,16.73,7.44,90.39,chickpea
52.0,59.9,92.6,17.5,15.89,7.73,79.24,chickpea
52.4,73.0,72.0,18.36,16.22,7.29,86.7,chickpea
47.3,84.5,74.3,17.41,21.8,6.95,69.28,chickpea
46.1,68.2,82.6,21.15,18.68,7.23,64.46,chickpea
43.6,62.2,80.3,19.04,16.11,7.0,88.18,chickpea
22.9,81.4,24.2,17.83,24.28,4.95,111.8,kidneybeans
16.5,65.5,16.0,20.53,25.87,5.95,122.36,kidneybeans
16.7,72.8,18.5,18.36,20.67,5.45,136.18,kidneybeans
26.6,56.7,21.0,19.19,19.55,5.22,121.36,kidneybeans
15.1,59.3,28.0,25.02,17.66,5.45,109.74,kidneybeans
29.2,70.8,32.4,24.02,18.7,5.63,121.68,kidneybeans
16.5,78.9,22.4,16.1,33.8,5.46,108.17,kidneybeans
24.2,69.8,19.3,22.49,26.98,4.82,106.36,kidneybeans
19.4,64.5,22.1,22.43,16.6,6.06,100.73,kidneybeans
24.0,67.0,23.6,16.56,16.71,6.21,129.45,kidneybeans
18.3,57.0,18.7,22.46,23.93,5.96,93.72,kidneybeans
20.2,71.8,27.2,24.61,24.19,5.24,128.99,kidneybeans
21.2,74.1,20.9,16.63,24.2,5.62,113.5,kidneybeans
16.0,63.4,22.0,17.25,20.98,5.7,85.01,kidneybeans
24.7,63.2,22.7,23.05,21.5,5.94,111.51,kidneybeans
18.4,69.1,21.7,20.81,23.31,5.97,74.5,kidneybeans
19.9,63.5,23.4,21.65,22.34,5.41,115.38,kidneybeans
16.0,66.5,17.5,21.02,13.12,5.73,119.28,kidneybeans
8.2,83.8,17.8,21.17,21.08,5.88,97.11,kidneybeans
20.0,65.0,15.6,16.02,18.59,6.28,107.85,kidneybeans
33.1,64.1,21.8,23.14,22.7,5.98,135.31,kidneybeans
24.9,61.8,23.1,23.51,33.94,6.02,98.41,kidneybeans
20.9,73.0,21.8,19.31,23.47,5.73,90.12,kidneybeans
19.7,65.6,26.7,19.87,20.75,6.26,128.22,kidneybeans
21.1,61.8,20.0,15.41,25.69,5.86,135.44,kidneybeans
23.7,77.6,22.7,21.54,23.93,5.36,106.06,kidneybeans
15.1,78.4,15.6,21.72,23.68,6.26,121.17,kidneybeans
26.6,62.2,18.5,19.81,24.43,5.98,126.12,kidneybeans
24.6,52.1,22.8,23.37,30.23,5.52,94.86,kidneybeans
24.6,75.1,23.4,19.0,17.48,5.51,98.72,kidneybeans
23.2,61.5,18.8,21.69,23.89,5.82,124.46,kidneybeans
21.1,73.3,19.7,16.94,18.29,5.89,131.28,kidneybeans
24.4,51.2,13.9,19.93,24.22,5.78,114.44,kidneybeans
24.0,74.1,18.6,19.48,18.33,5.82,92.8,kidneybeans
19.2,57.3,23.6,20.68,20.33,6.38,135.81,kidneybeans
18.1,72.8,22.3,18.89,20.82,6.13,98.04,kidneybeans
21.5,67.1,22.0,19.61,25.9,5.78,100.97,kidneybeans
28.7,59.4,20.2,22.48,25.67,6.08,111.14,kidneybeans
14.8,63.7,20.0,18.69,17.02,5.29,129.31,kidneybeans
13.7,72.5,17.4,15.18,22.22,5.86,118.81,kidneybeans
21.8,67.8,22.8,25.25,19.16,6.42,112.22,kidneybeans
21.3,71.7,21.7,24.14,16.97,5.61,112.95,kidneybeans
21.9,82.8,22.0,16.12,21.13,5.36,106.65,kidneybeans
22.2,54.5,17.9,22.07,20.77,5.44,114.37,kidneybeans
19.9,79.9,11.4,18.49,31.71,5.26,68.06,kidneybeans
28.4,67.8,24.4,20.79,23.73,5.39,101.55,kidneybeans
13.0,59.8,18.1,20.88,16.49,5.55,109.62,kidneybeans
16.9,56.4,16.5,19.3,19.74,5.14,88.73,kidneybeans
20.5,65.5,22.8,17.65,26.09,5.71,111.79,kidneybeans
12.8,74.4,18.4,17.93,30.35,6.06,102.93,kidneybeans
20.1,66.0,24.2,17.25,15.66,5.34,132.33,kidneybeans
29.3,79.1,22.5,17.5,14.48,6.31,129.6,kidneybeans
21.1,55.4,22.7,19.8,29.48,5.9,99.01,kidneybeans
22.2,66.9,14.5,17.85,23.56,6.11,103.74,kidneybeans
14.7,57.0,24.8,22.05,18.53,5.44,104.89,kidneybeans
17.9,69.9,21.0,24.46,24.14,6.04,99.23,kidneybeans
19.1,74.1,18.5,18.26,11.46,5.26,108.93,kidneybeans
19.4,63.6,20.6,20.72,22.01,6.06,94.63,kidneybeans
27.4,46.2,12.9,21.5,23.31,5.77,89.04,kidneybeans
23.8,68.6,21.6,21.42,25.7,5.92,115.34,kidneybeans
15.4,70.5,15.9,20.23,17.94,5.23,115.44,kidneybeans
22.2,70.2,14.6,22.23,22.34,5.34,93.94,kidneybeans
23.5,76.9,13.9,21.45,18.3,5.94,119.43,kidneybeans
26.7,58.4,24.5,16.29,23.02,5.32,96.53,kidneybeans
28.9,72.4,17.5,22.61,18.42,5.89,109.8,kidneybeans
15.9,76.5,26.1,22.66,20.37,5.15,118.31,kidneybeans
16.9,52.8,17.9,17.71,18.02,6.04,105.5,kidneybeans
14.7,69.6,13.2,20.11,24.6,5.21,112.82,kidneybeans
19.8,63.0,15.5,22.05,25.43,5.92,98.25,kidneybeans
23.3,66.3,24.9,19.37,21.06,5.95,103.05,kidneybeans
25.9,69.8,19.4,23.22,22.15,5.42,102.91,kidneybeans
20.6,63.1,17.8,27.09,16.21,5.93,94.8,kidneybeans
19.4,61.6,20.6,17.64,20.8,5.8,103.35,kidneybeans
21.8,67.3,22.0,15.86,21.8,5.48,82.77,kidneybeans
16.8,58.3,24.5,20.91,32.48,5.3,98.63,kidneybeans
31.4,58.3,25.8,22.16,17.55,4.91,101.73,kidneybeans
13.0,72.4,18.6,19.31,27.86,5.84,102.16,kidneybeans
21.9,57.8,14.7,24.36,25.99,5.07,102.38,kidneybeans
31.1,72.3,18.3,15.98,23.12,5.74,105.07,kidneybeans
21.0,70.7,21.0,22.08,29.03,5.59,113.19,kidneybeans
20.0,53.2,16.1,18.18,23.49,5.97,119.12,kidneybeans
19.2,61.6,16.2,25.16,23.56,5.58,96.25,kidneybeans
20.1,76.6,21.4,25.98,21.79,5.57,87.95,kidneybeans
27.9,59.2,19.8,17.7,26.89,5.99,90.37,kidneybeans
9.9,63.3,20.1,18.35,26.39,5.83,98.69,kidneybeans
28.7,70.7,17.0,22.58,19.5,5.83,100.72,kidneybeans
13.9,73.3,19.1,18.84,16.72,5.89,94.45,kidneybeans
19.7,65.0,16.3,19.86,21.19,5.09,86.56,kidneybeans
18.9,62.2,23.6,20.08,18.8,6.0,99.16,kidneybeans
23.9,78.4,24.1,14.24,21.75,5.94,108.72,kidneybeans
13.0,80.9,12.6,19.96,26.95,5.29,114.93,kidneybeans
23.3,74.8,16.3,17.93,20.17,5.6,97.64,kidneybeans
31.1,67.7,14.0,18.52,21.83,5.68,99.81,kidneybeans
14.2,60.5,17.4,24.33,22.23,5.65,92.1,kidneybeans
21.9,60.4,19.7,16.23,25.39,5.83,105.53,kidneybeans
17.7,71.2,14.2,22.44,13.01,6.27,93.27,kidneybeans
23.1,70.3,16.3,19.16,19.57,6.13,114.6,kidneybeans
21.1,78.2,16.0,19.16,22.85,5.18,79.21,kidneybeans
17.8,72.2,20.8,22.37,26.8,5.95,100.61,kidneybeans
23.4,55.0,20.3,21.02,20.03,6.23,110.52,kidneybeans
21.9,67.6,12.4,25.88,49.11,5.97,159.83,pigeonpeas
34.5,64.6,16.6,30.57,50.55,5.33,161.4,pigeonpeas
22.7,63.4,18.3,32.95,49.33,5.91,153.91,pigeonpeas
16.0,70.6,27.6,31.21,55.67,5.29,148.02,pigeonpeas
20.5,55.9,22.2,25.81,42.29,6.35,158.72,pigeonpeas
12.1,74.0,14.7,29.08,43.94,6.33,99.36,pigeonpeas
20.6,64.7,21.9,24.12,43.36,6.07,163.64,pigeonpeas
16.8,59.0,13.8,29.72,52.98,5.98,152.52,pigeonpeas
25.6,64.4,24.3,29.35,53.4,6.68,145.55,pigeonpeas
18.3,78.1,18.1,22.39,50.71,5.8,190.94,pigeonpeas
20.4,63.7,19.6,24.51,55.1,5.21,136.5,pigeonpeas
17.8,70.9,25.3,27.15,40.93,6.02,141.94,pigeonpeas
29.7,62.2,14.9,27.1,58.0,6.84,189.83,pigeonpeas
19.4,74.1,14.4,24.37,57.14,5.29,133.36,pigeonpeas
30.2,73.5,17.7,29.17,52.41,5.62,139.0,pigeonpeas
25.1,82.8,24.2,28.75,58.69,6.01,147.06,pigeonpeas
23.4,66.6,13.9,27.42,38.06,5.77,166.81,pigeonpeas
22.8,73.3,8.7,25.73,44.85,5.31,154.16,pigeonpeas
23.0,68.8,18.2,31.15,43.59,6.36,124.15,pigeonpeas
11.4,78.4,22.2,32.97,52.33,6.96,139.36,pigeonpeas
19.6,62.2,24.8,26.55,41.7,5.9,137.85,pigeonpeas
25.2,74.0,18.1,26.16,52.54,5.35,148.46,pigeonpeas
20.8,66.4,18.4,29.47,56.22,5.03,158.52,pigeonpeas
14.0,67.5,24.6,26.93,52.17,5.93,158.36,pigeonpeas
20.7,68.7,12.5,27.58,49.7,6.35,114.48,pigeonpeas
29.5,70.0,18.4,30.22,42.07,6.04,171.28,pigeonpeas
27.2,67.1,20.8,22.27,42.92,5.8,155.05,pigeonpeas
20.7,69.7,21.8,31.95,55.5,5.51,177.69,pigeonpeas
25.8,80.6,18.0,28.22,52.68,5.25,158.88,pigeonpeas
19.2,75.9,20.1,26.77,47.77,6.22,172.03,pigeonpeas
12.5,75.0,10.0,27.73,45.49,6.26,159.33,pigeonpeas
16.4,64.4,17.4,27.89,35.85,5.03,176.92,pigeonpeas
28.8,60.9,21.8,22.81,41.57,6.59,160.45,pigeonpeas
19.6,75.6,16.1,32.48,59.47,6.09,148.04,pigeonpeas
19.8,75.0,20.2,28.12,40.32,6.5,195.45,pigeonpeas
19.5,79.8,21.8,29.33,49.14,5.13,167.78,pigeonpeas
30.5,63.2,18.6,30.85,54.04,5.12,161.47,pigeonpeas
29.1,66.2,20.7,24.94,40.47,5.73,124.47,pigeonpeas
32.1,54.9,16.1,29.42,49.11,6.05,124.23,pigeonpeas
20.2,64.9,19.2,27.2,53.63,6.7,155.85,pigeonpeas
22.5,76.0,22.4,30.54,48.07,6.15,152.91,pigeonpeas
13.4,64.3,20.6,21.62,65.21,5.68,137.72,pigeonpeas
28.4,73.1,17.7,27.7,37.99,5.29,152.82,pigeonpeas
15.2,66.5,20.9,26.19,54.35,6.42,181.77,pigeonpeas
22.1,70.6,22.9,29.3,46.96,5.32,163.91,pigeonpeas
15.5,58.8,11.8,29.41,52.63,6.61,127.18,pigeonpeas
18.1,68.7,24.6,25.88,50.65,5.66,147.77,pigeonpeas
16.8,44.1,18.7,25.86,43.6,6.6,133.9,pigeonpeas
18.0,66.5,21.7,27.67,49.37,6.14,142.25,pigeonpeas
18.3,55.0,24.8,25.31,36.85,5.73,141.73,pigeonpeas
18.3,77.6,14.5,30.53,51.62,5.54,140.45,pigeonpeas
25.2,74.2,17.2,26.89,49.79,5.63,124.9,pigeonpeas
15.5,71.7,18.8,19.28,51.83,6.01,147.45,pigeonpeas
22.1,80.2,16.9,26.88,54.35,5.84,138.79,pigeonpeas
27.1,60.4,26.9,24.88,50.21,5.5,91.41,pigeonpeas
18.4,82.0,16.6,23.11,48.89,5.72,191.06,pigeonpeas
17.4,75.5,17.8,24.29,42.71,5.84,171.78,pigeonpeas
19.8,66.1,20.8,28.33,43.73,4.74,142.47,pigeonpeas
26.9,77.1,15.2,31.99,55.12,6.03,150.38,pigeonpeas
22.0,59.1,18.4,28.94,56.62,5.31,126.57,pigeonpeas
18.3,61.4,21.3,26.18,46.57,5.22,183.91,pigeonpeas
23.4,63.1,18.7,29.37,48.28,4.96,187.95,pigeonpeas
15.5,63.8,19.6,26.62,42.57,4.9,153.13,pigeonpeas
24.4,59.5,17.9,25.92,55.04,5.12,170.47,pigeonpeas
23.0,77.8,13.9,24.54,51.99,5.45,153.51,pigeonpeas
19.5,65.9,21.3,22.74,59.65,6.78,123.27,pigeonpeas
16.8,70.8,27.0,26.83,42.73,5.54,141.76,pigeonpeas
16.6,63.4,20.1,28.47,45.73,5.89,152.64,pigeonpeas
23.7,53.4,20.9,27.71,49.39,6.0,140.91,pigeonpeas
27.1,70.2,22.8,26.75,51.88,5.87,145.63,pigeonpeas
17.8,52.7,14.9,25.16,46.71,5.76,148.17,pigeonpeas
23.3,67.5,26.8,29.82,42.76,5.2,148.38,pigeonpeas
10.6,57.1,20.8,24.05,53.29,6.53,151.05,pigeonpeas
18.1,83.9,26.5,30.33,52.33,6.7,128.79,pigeonpeas
20.8,75.3,17.1,24.99,42.5,4.96,135.66,pigeonpeas
16.5,68.8,27.3,25.74,56.13,5.29,124.31,pigeonpeas
16.3,78.1,23.1,23.6,55.02,5.66,169.56,pigeonpeas
17.7,61.2,22.2,26.5,48.81,5.32,107.89,pigeonpeas
22.5,72.3,20.9,30.93,48.48,6.05,173.07,pigeonpeas
20.1,69.6,19.0,29.55,51.32,5.44,177.73,pigeonpeas
9.8,70.1,24.8,30.94,42.83,6.88,143.96,pigeonpeas
10.4,78.2,20.6,29.57,48.18,6.4,97.94,pigeonpeas
18.0,73.9,12.1,24.69,35.09,5.91,142.77,pigeonpeas
23.3,70.3,15.5,27.01,53.26,6.31,148.72,pigeonpeas
7.3,54.8,19.3,25.66,38.63,6.35,129.79,pigeonpeas
18.5,60.3,21.2,31.99,57.02,5.52,139.7,pigeonpeas
18.4,67.0,19.8,24.41,46.02,5.39,180.6,pigeonpeas
27.9,68.7,24.9,30.68,46.73,5.84,163.3,pigeonpeas
19.1,59.0,12.2,30.68,44.23,6.23,131.51,pigeonpeas
22.9,87.3,20.6,33.49,46.27,5.87,118.05,pigeonpeas
21.7,80.1,12.7,26.77,56.51,5.01,143.46,pigeonpeas
10.3,72.8,23.0,30.14,33.07,5.4,145.73,pigeonpeas
24.8,68.6,19.6,34.84,55.66,5.76,159.92,pigeonpeas
22.1,66.3,21.7,26.15,50.03,5.76,139.29,pigeonpeas
23.5,60.4,16.5,23.39,40.76,6.79,160.23,pigeonpeas
40.6,68.6,25.1,22.36,41.55,5.11,188.7,pigeonpeas
10.6,70.1,24.2,30.14,58.06,6.05,166.31,pigeonpeas
29.6,58.1,22.3,22.35,42.33,6.54,149.04,pigeonpeas
19.6,70.7,19.5,26.88,41.08,6.94,146.34,pigeonpeas
22.4,66.8,22.3,29.31,54.82,5.6,142.87,pigeonpeas
26.9,42.2,24.3,23.83,49.66,6.45,36.0,mothbeans
17.9,43.0,25.8,23.2,52.22,6.79,43.21,mothbeans
21.2,62.3,16.3,24.35,63.01,6.81,64.51,mothbeans
21.3,48.0,16.7,28.48,47.34,6.99,59.86,mothbeans
18.5,53.5,19.4,25.32,62.69,6.25,50.37,mothbeans
14.1,42.5,21.2,29.54,51.07,7.04,53.43,mothbeans
22.6,42.5,17.9,28.1,60.95,5.72,48.06,mothbeans
20.7,55.6,25.4,22.09,44.56,6.55,64.57,mothbeans
23.5,38.6,21.7,29.96,56.52,6.6,49.0,mothbeans
18.3,45.1,20.2,30.43,48.58,7.05,53.32,mothbeans
27.1,48.2,14.3,25.02,44.51,6.81,62.46,mothbeans
16.6,48.8,14.7,29.26,54.31,6.24,43.23,mothbeans
29.6,46.7,21.1,25.43,59.06,6.41,66.59,mothbeans
12.3,50.8,11.5,28.29,47.93,6.88,35.7,mothbeans
23.2,52.8,24.1,24.21,44.01,6.77,67.3,mothbeans
23.4,53.1,19.4,22.62,52.45,6.57,47.27,mothbeans
17.0,41.1,33.0,26.85,52.48,6.61,48.57,mothbeans
23.1,46.0,29.2,27.63,56.29,7.08,32.1,mothbeans
27.4,56.4,19.3,26.81,58.7,6.59,46.45,mothbeans
9.9,54.3,19.6,24.45,52.64,6.76,40.6,mothbeans
23.5,38.4,24.0,26.8,64.13,7.67,44.92,mothbeans
8.5,50.5,26.8,28.81,54.35,6.23,49.63,mothbeans
16.2,34.2,13.4,27.87,50.92,6.06,60.58,mothbeans
29.1,48.3,12.9,28.55,43.33,7.11,53.08,mothbeans
18.1,61.3,17.5,25.99,51.42,6.53,54.08,mothbeans
15.1,41.4,22.3,31.52,50.98,6.67,40.04,mothbeans
20.0,42.2,22.0,24.47,58.76,6.49,42.19,mothbeans
31.3,53.3,24.3,29.46,55.77,6.7,68.99,mothbeans
11.8,37.2,15.2,31.55,45.92,7.44,43.65,mothbeans
15.7,43.6,10.7,29.44,54.03,7.12,67.56,mothbeans
28.5,52.2,23.4,27.39,57.03,7.14,48.57,mothbeans
30.3,43.6,16.7,26.42,62.17,6.23,51.02,mothbeans
20.5,46.3,11.9,31.11,58.33,6.34,61.7,mothbeans
14.8,53.2,20.6,23.73,57.57,5.66,63.72,mothbeans
31.5,51.0,23.2,25.09,53.36,6.48,49.89,mothbeans
29.0,49.9,19.5,26.81,55.33,7.18,47.12,mothbeans
24.4,45.6,18.2,31.71,60.5,7.01,50.44,mothbeans
16.9,50.6,19.4,29.14,45.0,6.71,54.38,mothbeans
20.8,47.1,18.5,25.1,50.9,6.79,59.91,mothbeans
20.2,51.2,14.6,27.07,48.36,6.52,51.04,mothbeans
22.7,44.5,17.1,26.16,55.27,6.88,57.19,mothbeans
28.3,46.7,22.1,25.87,60.38,7.11,67.38,mothbeans
25.4,41.1,21.3,30.94,49.42,6.15,54.81,mothbeans
15.6,47.8,20.7,23.88,38.66,6.92,54.12,mothbeans
27.9,42.3,16.0,32.83,50.53,7.17,35.81,mothbeans
22.6,40.2,19.3,30.48,58.48,6.63,24.69,mothbeans
24.4,49.8,11.3,31.27,56.23,7.08,54.88,mothbeans
28.3,49.5,20.7,26.61,55.57,7.93,50.05,mothbeans
15.4,53.5,25.7,27.55,51.32,6.76,45.85,mothbeans
20.8,45.0,14.1,23.7,45.33,6.96,53.44,mothbeans
18.3,50.9,17.7,26.43,56.09,6.5,50.4,mothbeans
13.2,51.9,21.3,29.48,47.99,6.87,62.28,mothbeans
22.7,51.1,25.0,31.89,66.1,6.98,51.86,mothbeans
33.6,42.2,18.2,24.68,56.42,6.88,43.53,mothbeans
11.8,49.0,17.2,26.9,49.52,6.39,60.9,mothbeans
20.8,50.5,12.1,27.55,49.33,6.88,48.83,mothbeans
24.2,48.1,20.4,23.81,52.44,7.38,56.27,mothbeans
21.6,33.4,28.2,29.77,51.56,6.98,46.23,mothbeans
20.4,49.1,21.1,25.83,59.7,7.18,44.5,mothbeans
14.5,63.5,19.9,27.41,54.12,6.71,51.84,mothbeans
22.2,45.5,21.3,26.64,48.61,7.1,51.13,mothbeans
17.2,42.9,20.0,25.63,64.34,6.91,55.8,mothbeans
10.1,50.6,16.7,27.98,53.3,6.42,48.31,mothbeans
27.0,50.2,23.3,27.35,57.61,6.93,32.64,mothbeans
25.8,56.3,20.9,26.88,49.35,6.4,46.67,mothbeans
21.3,39.2,20.1,25.81,55.18,6.55,58.94,mothbeans
22.1,53.1,16.1,28.96,54.87,6.88,48.03,mothbeans
26.4,52.1,25.2,32.96,41.66,6.92,48.54,mothbeans
22.1,47.0,22.7,28.42,65.09,6.32,60.86,mothbeans
25.5,50.4,17.8,30.99,60.74,7.22,43.88,mothbeans
19.5,55.2,24.0,23.83,50.62,7.03,35.57,mothbeans
27.6,54.1,18.0,28.47,46.39,6.52,49.39,mothbeans
22.6,40.0,16.9,24.71,55.09,6.18,46.16,mothbeans
22.0,53.7,17.0,23.57,53.52,6.74,41.34,mothbeans
14.6,47.5,12.9,25.78,55.13,6.62,49.25,mothbeans
22.4,48.5,21.9,31.58,54.15,6.85,55.92,mothbeans
16.8,48.5,12.7,30.85,56.04,6.65,50.91,mothbeans
17.8,46.9,15.1,28.73,61.68,6.0,54.07,mothbeans
16.9,56.3,11.7,23.4,56.41,6.64,69.13,mothbeans
15.7,47.4,19.7,27.41,46.7,6.68,47.57,mothbeans
31.6,40.2,19.4,28.91,61.18,7.05,53.78,mothbeans
27.7,45.2,18.7,28.53,62.84,6.52,45.91,mothbeans
30.6,49.3,15.8,22.47,71.91,7.47,42.54,mothbeans
14.9,56.6,15.3,25.33,46.26,6.04,45.15,mothbeans
21.4,52.2,21.9,27.81,54.46,7.32,46.21,mothbeans
14.5,42.0,17.8,29.61,40.51,6.71,54.59,mothbeans
17.5,65.4,21.3,21.41,56.32,7.14,74.49,mothbeans
16.4,49.9,16.5,27.51,49.71,6.83,43.84,mothbeans
27.2,56.9,20.7,28.43,64.54,7.26,46.83,mothbeans
19.0,46.9,25.2,30.55,48.35,6.65,50.37,mothbeans
26.3,51.7,22.3,30.08,42.86,6.36,54.96,mothbeans
24.0,53.9,18.4,29.75,50.17,7.37,53.64,mothbeans
32.5,56.5,21.0,25.6,41.15,6.75,63.84,mothbeans
13.6,55.4,19.0,22.28,57.51,6.89,26.74,mothbeans
27.3,54.1,20.0,26.82,40.61,7.29,27.13,mothbeans
26.7,45.8,18.7,31.0,53.17,6.39,46.04,mothbeans
16.1,44.0,19.3,32.18,40.53,7.04,61.97,mothbeans
26.0,50.3,20.8,30.13,51.08,6.56,35.34,mothbeans
22.7,54.5,16.0,29.29,62.86,6.75,20.92,mothbeans
19.9,46.4,15.9,29.14,55.16,6.83,56.71,mothbeans
22.2,45.0,21.9,25.12,83.7,6.3,52.06,mungbean
15.5,38.4,24.3,23.94,90.62,6.12,47.54,mungbean
16.1,41.2,16.5,23.25,94.81,6.97,36.84,mungbean
16.2,52.9,21.4,29.24,92.87,6.93,42.34,mungbean
21.6,38.8,19.5,27.36,78.45,6.93,45.9,mungbean
17.9,36.8,23.4,29.14,83.48,6.65,35.23,mungbean
23.5,43.6,19.5,30.07,82.93,7.26,42.09,mungbean
6.7,53.1,18.5,28.8,87.94,6.51,53.22,mungbean
16.7,46.6,22.2,29.97,89.12,7.08,59.42,mungbean
15.4,44.7,23.5,27.79,79.97,6.68,44.64,mungbean
19.7,48.3,17.3,24.44,85.41,6.46,54.05,mungbean
18.3,35.8,19.8,31.17,72.88,6.94,32.69,mungbean
25.0,51.5,15.8,26.23,93.65,6.86,53.28,mungbean
11.7,50.7,10.0,25.19,81.93,6.84,41.57,mungbean
21.2,45.1,20.8,27.47,85.34,6.73,50.46,mungbean
23.8,55.0,22.4,25.26,83.14,6.68,46.02,mungbean
30.3,40.1,21.0,26.75,91.88,7.66,58.56,mungbean
18.6,55.9,12.2,29.03,67.97,7.17,41.0,mungbean
22.6,49.1,18.6,29.05,84.9,6.99,53.02,mungbean
12.0,45.6,11.1,25.31,84.37,6.74,45.76,mungbean
9.0,47.9,25.5,26.54,82.28,7.1,46.73,mungbean
25.2,47.2,15.7,31.22,95.36,6.91,46.53,mungbean
21.0,56.5,25.0,29.49,79.68,6.71,41.23,mungbean
26.9,40.5,23.8,34.23,89.63,6.58,47.89,mungbean
14.1,42.7,16.4,31.54,87.14,6.67,47.5,mungbean
23.6,55.3,15.5,31.43,92.57,5.43,49.93,mungbean
30.3,43.8,21.4,23.84,81.0,6.78,48.68,mungbean
23.1,54.3,16.6,30.29,80.6,6.5,54.38,mungbean
22.4,59.9,20.4,27.84,91.58,7.34,55.39,mungbean
21.0,45.2,18.1,26.35,87.55,6.71,39.6,mungbean
13.1,52.8,12.9,28.5,75.73,6.22,54.95,mungbean
27.8,39.9,11.1,30.84,81.76,6.68,38.51,mungbean
17.9,53.3,20.9,29.5,87.32,6.28,52.7,mungbean
23.5,49.4,17.8,25.36,90.03,6.89,52.96,mungbean
13.2,51.3,17.8,30.23,80.92,6.82,32.71,mungbean
15.1,43.5,22.8,26.09,67.51,7.08,48.74,mungbean
28.2,36.4,24.7,28.65,88.14,6.38,44.25,mungbean
19.3,51.5,18.9,27.09,77.68,6.71,41.93,mungbean
28.3,33.6,18.6,27.34,72.9,6.15,58.81,mungbean
20.6,45.8,22.0,30.3,68.01,6.98,42.77,mungbean
11.8,54.6,14.6,24.88,89.88,6.91,41.55,mungbean
25.5,49.3,20.9,33.84,85.77,6.9,48.61,mungbean
18.1,61.6,22.2,22.54,83.65,6.7,53.48,mungbean
24.5,55.2,22.7,26.21,93.33,6.87,46.87,mungbean
21.1,43.4,12.3,29.11,88.82,7.34,57.33,mungbean
13.3,48.2,17.0,29.75,94.7,6.59,52.25,mungbean
21.8,47.7,16.5,27.7,76.64,6.76,30.57,mungbean
32.0,36.9,20.4,27.83,84.79,6.27,43.76,mungbean
23.5,41.4,21.9,29.23,75.3,6.35,43.51,mungbean
20.7,44.1,26.0,27.31,83.62,6.74,51.83,mungbean
26.4,33.7,18.0,32.18,83.51,7.14,27.0,mungbean
22.1,48.3,18.0,30.52,88.76,6.6,68.39,mungbean
22.0,46.3,24.6,30.62,85.27,6.61,52.25,mungbean
15.5,36.3,21.2,25.1,88.74,6.54,49.19,mungbean
22.2,50.8,25.1,27.76,89.22,6.49,57.45,mungbean
26.2,53.0,21.2,27.1,97.93,6.82,66.75,mungbean
16.8,49.6,15.4,24.98,83.11,6.1,54.97,mungbean
28.1,45.7,14.7,29.08,79.35,7.21,55.59,mungbean
20.5,52.1,13.8,26.39,86.48,6.43,49.05,mungbean
16.6,52.8,22.6,29.97,80.19,6.99,46.87,mungbean
26.0,50.2,24.8,24.79,93.89,6.19,44.19,mungbean
19.6,42.2,27.4,33.16,83.3,6.97,41.39,mungbean
24.8,49.9,23.4,25.31,81.61,6.97,42.5,mungbean
19.5,56.4,24.7,28.66,82.17,6.85,37.2,mungbean
20.7,43.8,17.7,30.38,89.31,6.3,47.39,mungbean
23.5,62.7,15.4,26.29,84.05,6.8,34.52,mungbean
22.5,44.3,23.4,30.56,81.15,6.23,49.53,mungbean
11.0,48.2,21.7,24.31,94.99,6.6,47.71,mungbean
15.4,43.3,20.4,32.36,79.86,7.11,49.18,mungbean
25.6,49.6,21.5,28.04,85.21,7.02,43.82,mungbean
20.3,35.8,21.3,26.21,88.91,6.71,72.61,mungbean
18.4,44.2,25.1,27.1,75.21,6.31,58.88,mungbean
14.2,40.4,25.2,30.43,87.88,6.96,38.04,mungbean
15.6,48.9,22.2,26.25,78.67,6.71,49.86,mungbean
10.9,55.0,23.4,25.75,89.94,5.77,43.14,mungbean
20.5,52.5,22.1,27.34,79.22,7.01,39.88,mungbean
18.0,31.4,18.2,24.47,89.16,6.69,37.28,mungbean
16.2,62.3,23.0,33.46,91.63,7.18,51.46,mungbean
20.7,50.1,14.4,26.3,90.17,6.26,42.55,mungbean
22.8,42.6,24.2,30.49,86.51,5.43,55.74,mungbean
31.5,49.1,15.2,28.63,83.61,6.81,55.95,mungbean
13.4,49.2,21.1,25.05,81.54,6.82,58.99,mungbean
26.8,43.3,16.6,27.98,93.83,6.02,41.18,mungbean
25.9,49.4,22.2,30.35,80.8,6.31,51.8,mungbean
17.1,43.7,19.9,27.44,78.78,7.8,53.06,mungbean
22.0,45.2,13.6,31.58,88.99,6.58,44.21,mungbean
18.7,43.2,21.7,31.06,80.22,6.99,41.83,mungbean
21.9,38.0,17.7,30.76,79.3,6.44,60.88,mungbean
28.5,49.0,23.5,26.62,76.34,5.86,49.82,mungbean
24.0,52.1,20.0,24.76,82.1,6.63,53.09,mungbean
23.5,51.6,21.6,26.16,84.5,6.59,41.42,mungbean
18.8,53.7,16.2,28.59,86.46,6.54,38.25,mungbean
13.6,50.3,17.6,29.64,90.71,6.65,43.44,mungbean
20.0,44.3,18.2,21.49,88.16,6.81,47.01,mungbean
27.0,53.9,23.4,27.98,83.85,6.64,39.49,mungbean
13.4,38.5,26.7,28.47,83.81,6.19,47.92,mungbean
15.7,41.7,16.8,27.17,88.06,6.89,34.49,mungbean
21.6,41.3,24.3,31.87,92.64,5.92,39.04,mungbean
16.1,55.6,11.3,29.27,85.76,5.88,53.37,mungbean
17.0,54.6,15.2,31.93,82.19,7.0,52.83,mungbean
37.6,63.6,23.1,29.01,63.54,6.62,75.03,blackgram
33.9,63.4,21.0,28.47,62.81,6.94,73.33,blackgram
33.8,52.6,20.0,30.45,71.01,7.31,69.65,blackgram
37.8,64.4,19.3,32.31,68.87,7.14,54.18,blackgram
43.9,72.9,20.6,37.15,63.2,6.76,63.16,blackgram
45.6,56.8,19.8,32.48,72.57,7.1,76.42,blackgram
37.0,75.4,14.9,33.48,64.1,6.49,57.49,blackgram
33.1,70.9,19.2,28.48,59.04,7.56,42.68,blackgram
41.6,61.1,14.7,26.92,59.69,7.02,65.73,blackgram
35.1,65.9,19.3,30.19,58.15,7.55,66.58,blackgram
36.9,79.8,17.1,30.32,63.09,6.89,69.36,blackgram
48.0,72.9,29.2,26.76,73.64,6.89,75.29,blackgram
45.0,67.1,18.8,29.47,59.36,6.79,74.38,blackgram
40.9,65.1,13.4,31.2,66.32,7.45,70.59,blackgram
32.4,67.6,18.5,31.08,60.4,6.82,79.96,blackgram
41.3,62.9,21.1,31.51,63.18,7.36,52.81,blackgram
46.4,50.2,25.7,30.87,54.43,6.95,73.05,blackgram
37.7,83.3,16.6,28.48,63.46,6.31,74.27,blackgram
48.1,68.2,12.7,28.46,63.64,6.87,55.6,blackgram
47.8,70.2,22.3,26.4,68.78,6.63,52.97,blackgram
50.0,66.5,13.5,35.35,66.56,7.11,60.54,blackgram
41.8,61.1,17.3,30.04,56.61,6.62,61.38,blackgram
43.5,65.5,18.0,29.33,72.59,7.47,75.53,blackgram
48.5,54.2,18.7,27.21,66.47,7.06,61.85,blackgram
42.7,85.2,21.8,38.81,66.39,7.03,59.44,blackgram
37.0,57.1,16.3,26.78,64.94,7.36,61.88,blackgram
37.3,58.7,17.9,28.71,61.38,7.49,79.19,blackgram
41.4,63.5,18.9,31.25,66.52,7.09,68.13,blackgram
32.3,77.3,19.6,31.8,68.33,6.79,66.21,blackgram
39.1,67.1,19.4,32.87,52.77,6.39,66.9,blackgram
46.6,57.1,20.7,35.42,61.23,6.83,80.92,blackgram
26.9,77.0,22.4,31.52,63.22,6.85,60.51,blackgram
49.2,72.8,20.6,26.83,66.79,7.14,81.16,blackgram
46.7,71.3,20.8,29.23,73.35,6.96,70.1,blackgram
37.2,72.7,12.7,30.92,59.6,7.38,66.4,blackgram
43.3,86.2,19.2,36.2,61.51,6.85,93.01,blackgram
40.0,84.5,20.9,25.81,61.41,7.08,57.44,blackgram
47.4,61.5,21.9,33.61,59.39,7.57,64.46,blackgram
45.9,80.0,16.2,30.54,62.57,7.24,55.68,blackgram
31.6,70.1,16.4,32.51,70.4,7.08,77.52,blackgram
43.5,71.0,16.7,29.69,57.62,6.86,84.89,blackgram
38.8,53.5,21.1,27.47,67.99,6.85,84.7,blackgram
40.5,65.6,23.1,32.25,53.09,6.76,80.24,blackgram
35.6,60.5,17.4,31.96,61.07,6.88,66.02,blackgram
50.5,73.6,22.6,32.92,62.69,7.4,64.35,blackgram
46.2,75.6,19.5,29.96,76.72,7.01,51.29,blackgram
35.6,50.4,18.5,28.2,63.08,6.56,88.36,blackgram
32.0,66.8,18.2,25.32,49.59,7.81,72.69,blackgram
37.7,76.0,22.0,32.46,51.01,7.23,63.08,blackgram
42.6,65.5,20.3,31.27,65.24,6.54,81.28,blackgram
41.4,72.8,28.1,27.1,69.3,6.92,58.27,blackgram
47.5,69.8,15.6,28.38,67.63,7.14,72.07,blackgram
44.7,69.7,21.1,28.6,66.17,7.78,66.27,blackgram
45.8,64.8,16.9,25.55,73.14,6.66,74.39,blackgram
42.0,57.3,15.5,27.55,61.22,7.49,67.36,blackgram
31.7,58.0,19.0,26.6,71.26,7.66,53.49,blackgram
38.8,72.7,19.5,28.76,53.58,6.85,68.76,blackgram
46.4,67.2,30.7,27.78,58.67,6.99,78.49,blackgram
39.7,65.9,18.3,25.12,52.35,6.69,67.71,blackgram
43.0,63.6,14.5,36.07,63.08,7.02,75.75,blackgram
38.1,64.6,20.1,33.76,64.68,7.09,57.54,blackgram
33.8,75.4,10.7,27.66,65.8,7.36,67.74,blackgram
39.3,64.3,18.6,30.82,65.43,7.54,61.75,blackgram
41.9,56.3,19.1,31.25,58.51,6.8,75.47,blackgram
36.1,72.9,22.2,33.57,63.67,6.31,68.31,blackgram
38.6,65.4,22.9,27.54,54.52,7.09,74.9,blackgram
34.4,67.3,17.0,33.28,74.54,7.22,78.88,blackgram
46.7,79.9,18.4,28.36,62.87,7.2,74.92,blackgram
38.2,66.8,15.9,25.99,61.58,6.97,70.73,blackgram
48.7,69.3,14.5,32.17,76.12,7.15,58.02,blackgram
49.2,57.6,20.2,33.87,56.3,7.71,67.97,blackgram
39.5,65.2,13.9,37.76,57.12,7.25,62.67,blackgram
33.9,71.9,17.3,26.4,57.33,6.95,64.56,blackgram
27.5,54.6,15.0,32.1,64.52,6.9,64.25,blackgram
31.2,68.6,21.2,28.77,68.02,7.03,58.2,blackgram
31.8,67.8,26.2,32.35,70.18,7.75,48.43,blackgram
48.3,67.3,13.8,25.59,83.0,7.03,61.32,blackgram
40.7,75.3,11.6,26.21,49.25,7.09,69.93,blackgram
42.3,69.7,18.5,27.67,69.26,6.91,54.52,blackgram
26.7,78.8,19.1,30.24,61.1,7.54,68.16,blackgram
32.8,59.1,19.9,28.08,60.9,7.88,87.0,blackgram
45.3,68.1,17.2,31.98,60.66,7.28,78.23,blackgram
41.7,67.7,18.2,33.08,58.64,7.13,84.44,blackgram
39.1,58.4,20.5,31.8,76.79,7.11,71.91,blackgram
43.4,74.7,23.2,34.86,70.9,6.15,79.68,blackgram
49.8,85.6,11.2,31.25,65.16,7.4,60.76,blackgram
38.7,66.9,17.5,26.35,74.46,7.15,61.56,blackgram
40.4,71.0,19.9,34.09,54.41,7.27,40.61,blackgram
41.2,67.7,15.3,28.18,55.69,6.82,79.86,blackgram
54.4,61.3,25.9,32.73,49.75,6.95,83.4,blackgram
27.4,52.4,16.5,34.72,60.1,6.94,62.47,blackgram
44.1,61.4,18.8,31.37,66.13,7.51,65.46,blackgram
39.3,55.9,21.2,25.51,65.72,6.95,60.46,blackgram
43.4,80.6,16.6,27.25,66.05,7.93,71.83,blackgram
36.1,66.1,11.6,33.97,55.12,7.27,79.25,blackgram
39.7,64.2,17.3,29.49,70.62,6.59,50.57,blackgram
44.3,74.1,23.1,30.24,66.68,7.05,72.09,blackgram
58.7,58.0,17.7,32.28,70.13,6.84,65.23,blackgram
44.8,60.9,15.6,32.09,51.75,6.22,69.13,blackgram
34.9,67.5,22.7,30.84,67.18,7.74,72.59,blackgram
18.2,67.8,20.2,23.79,55.09,6.66,41.58,lentil
18.6,66.3,18.0,16.43,58.95,6.99,37.22,lentil
18.1,68.5,17.4,23.54,56.46,6.45,64.34,lentil
22.9,63.2,26.3,27.18,59.62,7.04,60.94,lentil
20.7,65.3,23.7,21.32,62.29,6.54,36.7,lentil
19.9,51.3,19.5,22.84,70.7,7.33,58.66,lentil
13.9,75.8,9.8,23.47,61.43,7.84,42.8,lentil
17.5,70.4,17.6,15.3,51.31,6.56,47.03,lentil
22.6,61.8,29.8,29.01,73.12,7.11,45.49,lentil
19.2,83.2,18.1,21.3,57.3,6.61,40.72,lentil
21.6,68.7,23.4,25.52,63.53,7.32,53.87,lentil
26.1,59.7,24.8,23.74,67.57,6.39,47.01,lentil
23.2,74.9,19.9,27.77,65.6,7.09,42.19,lentil
19.4,71.2,15.6,25.22,72.75,6.55,35.56,lentil
17.0,71.2,9.3,23.3,67.83,6.82,38.85,lentil
8.8,64.6,21.7,21.32,57.11,6.49,32.87,lentil
18.3,71.6,15.7,26.39,81.43,7.23,46.1,lentil
17.7,65.9,19.7,18.38,65.55,6.57,36.43,lentil
20.6,72.4,14.0,25.94,62.82,7.12,43.88,lentil
18.4,52.8,17.9,20.7,71.71,6.76,56.96,lentil
17.7,64.5,19.1,27.76,66.0,6.85,55.59,lentil
11.9,81.8,20.1,24.48,67.19,6.96,45.74,lentil
15.2,61.9,14.5,25.93,83.94,6.6,45.3,lentil
20.9,63.2,23.8,24.25,61.8,6.98,61.04,lentil
25.9,64.4,16.6,18.74,61.46,7.51,50.17,lentil
18.6,58.3,12.3,21.42,64.93,6.59,43.38,lentil
20.3,50.3,18.6,26.02,72.57,7.37,34.59,lentil
22.8,66.2,19.1,24.5,51.95,7.5,49.15,lentil
15.8,69.1,19.6,27.54,48.28,6.57,52.63,lentil
20.5,67.6,24.4,25.21,59.3,6.32,40.95,lentil
16.0,66.8,18.1,21.1,50.93,7.02,48.33,lentil
22.5,68.3,18.5,21.61,60.6,6.68,43.09,lentil
19.6,76.2,14.6,24.31,68.02,7.65,44.53,lentil
20.2,66.5,22.3,17.06,56.87,6.91,26.1,lentil
15.9,63.4,19.7,29.02,52.59,6.58,44.23,lentil
21.8,65.8,17.3,25.33,64.55,6.44,53.75,lentil
27.3,72.6,11.4,27.68,70.9,7.34,40.95,lentil
15.0,79.3,24.8,19.26,50.44,6.67,46.42,lentil
17.6,63.0,14.1,27.73,70.56,6.92,39.95,lentil
19.9,68.8,16.6,30.69,70.54,7.28,48.88,lentil
22.1,70.7,20.4,20.04,71.63,6.71,44.27,lentil
16.8,60.1,14.2,26.31,73.75,6.88,38.49,lentil
7.7,68.2,13.0,24.0,81.62,6.89,56.66,lentil
24.4,56.3,10.5,19.37,61.15,7.17,53.43,lentil
22.0,53.8,21.9,25.48,64.88,7.14,41.16,lentil
12.0,70.9,16.8,26.5,60.67,6.81,49.98,lentil
16.6,64.9,30.7,22.2,64.02,6.93,50.3,lentil
25.3,69.6,15.0,27.5,76.26,6.75,51.14,lentil
24.8,67.9,15.3,19.0,53.24,6.31,32.45,lentil
22.8,60.2,16.7,19.52,57.11,7.0,54.05,lentil
18.3,67.6,20.0,24.41,75.02,7.66,41.44,lentil
19.3,58.1,17.1,24.08,72.16,6.55,43.14,lentil
18.5,79.1,21.4,21.85,61.09,6.59,67.1,lentil
23.5,57.2,15.1,26.43,70.84,6.55,48.41,lentil
15.5,66.4,13.5,25.59,66.73,7.19,42.91,lentil
15.8,59.7,11.8,26.57,76.0,7.08,28.36,lentil
23.0,72.6,10.1,23.63,64.6,6.84,57.12,lentil
18.8,65.3,16.9,25.81,72.21,6.53,35.24,lentil
24.5,63.9,17.8,22.66,85.14,6.94,37.97,lentil
16.3,74.8,16.5,30.16,68.78,6.27,43.35,lentil
18.8,68.2,24.0,21.56,64.39,6.96,57.33,lentil
15.3,72.1,23.9,30.32,69.78,7.25,52.19,lentil
19.0,60.1,17.7,24.1,61.08,6.4,44.74,lentil
13.1,56.8,11.8,19.87,83.1,6.29,48.47,lentil
17.0,68.9,16.7,28.1,65.44,7.53,41.2,lentil
13.3,65.4,16.6,24.38,61.82,6.66,47.12,lentil
21.8,73.0,16.4,26.55,57.31,7.35,46.59,lentil
21.9,67.4,16.2,27.67,72.78,6.84,53.75,lentil
12.1,69.6,16.4,25.01,70.94,6.84,53.74,lentil
24.3,55.0,17.5,22.22,60.02,7.08,49.95,lentil
29.0,83.1,16.5,26.93,68.61,6.55,43.1,lentil
19.2,66.7,19.8,24.0,51.93,6.95,51.93,lentil
16.4,73.6,20.4,26.06,65.48,6.75,45.26,lentil
30.3,61.3,15.4,17.54,67.62,6.37,37.34,lentil
13.7,70.5,24.1,25.34,77.66,7.03,42.77,lentil
19.1,57.6,15.1,22.08,57.83,6.79,46.68,lentil
19.7,71.6,12.5,28.96,53.77,6.84,53.28,lentil
24.4,65.2,20.5,25.87,56.84,6.42,44.53,lentil
20.4,68.2,15.7,24.72,53.31,7.54,36.33,lentil
17.0,73.6,20.3,25.46,74.69,7.25,46.45,lentil
15.2,58.1,9.4,21.0,76.39,7.29,46.91,lentil
17.6,62.5,24.6,28.87,66.56,6.78,47.49,lentil
15.0,71.7,21.7,29.97,73.77,6.21,53.36,lentil
19.2,84.8,13.0,25.18,65.07,7.68,54.15,lentil
16.7,66.9,13.1,28.77,63.24,6.88,41.25,lentil
13.0,72.7,25.7,22.29,61.34,6.6,41.07,lentil
24.0,67.1,16.1,21.61,61.52,7.07,37.68,lentil
17.0,83.5,15.7,24.12,51.62,7.37,51.59,lentil
13.9,54.0,9.9,25.3,66.11,6.89,57.59,lentil
18.3,68.8,17.6,22.82,63.68,7.41,43.48,lentil
19.3,55.0,18.1,25.61,69.96,7.33,44.07,lentil
12.0,47.9,21.9,24.92,64.75,6.47,57.73,lentil
20.3,70.4,13.4,21.01,62.7,6.63,50.04,lentil
14.8,69.1,12.9,25.56,57.03,7.28,49.49,lentil
25.8,65.7,20.8,26.59,64.58,5.81,36.47,lentil
21.1,67.2,23.0,24.51,69.91,6.84,51.43,lentil
17.4,92.8,12.7,27.46,54.85,6.33,38.57,lentil
16.0,65.9,23.3,20.35,64.7,6.71,36.93,lentil
18.6,72.1,19.2,25.4,65.86,6.78,43.23,lentil
21.5,62.8,23.4,20.49,58.26,6.76,41.31,lentil
18.1,20.3,46.1,18.13,94.76,6.02,118.36,pomegranate
13.2,15.7,33.9,22.18,89.41,6.04,107.66,pomegranate
22.8,17.5,42.2,24.74,81.12,5.46,112.07,pomegranate
23.5,21.0,33.1,23.27,84.4,7.07,101.41,pomegranate
11.2,21.1,45.3,21.82,89.0,6.05,102.59,pomegranate
22.9,24.3,38.7,16.9,85.35,6.35,110.45,pomegranate
15.8,18.7,46.3,19.57,88.35,6.04,93.03,pomegranate
22.4,20.2,42.5,22.56,90.13,6.68,102.7,pomegranate
18.7,17.2,33.9,19.64,95.85,6.25,96.68,pomegranate
19.1,19.7,47.1,22.61,88.84,5.88,96.31,pomegranate
18.3,20.8,47.8,24.05,94.29,6.58,81.68,pomegranate
23.8,18.6,44.4,24.89,95.72,5.83,123.07,pomegranate
14.0,11.8,36.2,18.32,95.74,6.07,98.76,pomegranate
21.4,20.3,38.5,28.59,91.14,5.56,120.96,pomegranate
23.4,20.5,40.7,24.3,82.15,5.83,119.83,pomegranate
21.9,16.3,36.5,21.99,91.84,6.47,91.57,pomegranate
28.3,13.9,48.5,25.27,94.19,5.61,93.94,pomegranate
16.9,24.9,40.7,29.1,89.68,5.81,137.73,pomegranate
22.8,21.0,26.5,17.68,96.98,6.4,128.01,pomegranate
18.6,18.1,41.7,21.32,93.44,6.18,106.62,pomegranate
23.9,14.5,38.3,14.86,92.27,7.2,110.09,pomegranate
19.0,15.7,39.6,22.58,94.35,7.13,99.43,pomegranate
17.4,24.2,38.2,23.1,91.33,6.05,112.19,pomegranate
24.2,19.6,44.0,21.88,80.03,6.62,98.39,pomegranate
17.0,16.8,45.6,20.04,88.0,6.7,82.61,pomegranate
13.3,21.0,41.4,15.85,94.79,6.16,91.14,pomegranate
16.9,15.7,38.3,23.12,86.77,5.8,107.25,pomegranate
21.5,25.0,39.8,26.37,89.11,6.4,93.43,pomegranate
24.6,24.4,40.1,20.23,85.82,6.33,106.19,pomegranate
19.4,17.1,36.0,23.32,97.14,6.23,94.1,pomegranate
24.3,16.5,42.9,17.3,96.73,6.58,97.61,pomegranate
13.6,8.5,42.3,23.37,86.46,6.1,117.24,pomegranate
17.2,13.1,47.7,20.82,90.59,5.94,109.97,pomegranate
17.8,13.6,46.3,19.71,87.28,6.44,106.88,pomegranate
18.5,19.5,36.6,19.72,92.46,6.55,117.55,pomegranate
19.3,17.7,44.1,20.82,92.04,5.93,112.77,pomegranate
21.8,13.6,35.2,23.15,93.25,6.77,124.36,pomegranate
17.2,17.9,43.5,18.06,91.33,5.69,101.48,pomegranate
19.6,21.0,37.4,20.81,100.0,6.17,101.84,pomegranate
18.8,21.1,34.9,21.88,85.89,6.3,91.39,pomegranate
15.3,11.4,41.4,18.7,83.16,6.15,101.85,pomegranate
18.5,18.5,26.6,27.39,88.43,6.17,118.58,pomegranate
18.4,13.5,31.2,19.44,83.73,7.15,122.6,pomegranate
18.3,22.6,39.1,19.99,84.03,6.06,118.52,pomegranate
19.1,22.1,40.4,19.07,85.99,7.38,85.47,pomegranate
19.3,15.4,38.2,27.4,86.31,6.57,120.0,pomegranate
17.3,15.9,32.1,23.66,86.18,6.44,84.94,pomegranate
24.1,17.2,35.9,19.19,92.07,6.59,117.78,pomegranate
14.3,10.0,42.0,25.32,87.98,7.41,102.59,pomegranate
16.1,20.3,42.9,22.6,89.28,6.0,115.43,pomegranate
30.1,17.9,39.9,22.77,93.58,5.95,91.01,pomegranate
14.8,22.9,45.8,20.97,86.93,6.1,121.05,pomegranate
13.6,14.6,42.0,19.75,88.94,6.41,89.42,pomegranate
21.9,16.5,36.3,23.01,91.46,5.71,98.98,pomegranate
10.7,13.0,38.6,20.36,82.23,6.41,95.02,pomegranate
18.1,15.0,33.0,27.45,80.46,7.08,85.95,pomegranate
27.6,14.3,39.5,18.19,91.38,6.46,108.13,pomegranate
12.8,23.0,45.6,26.61,91.97,6.28,128.67,pomegranate
11.1,16.2,43.4,21.67,98.26,6.15,139.0,pomegranate
13.0,19.5,47.0,22.9,90.63,6.76,108.17,pomegranate
22.6,17.5,38.5,24.5,93.28,6.07,120.4,pomegranate
23.5,13.9,46.7,20.11,89.22,7.14,109.79,pomegranate
16.9,18.3,39.0,24.59,91.19,7.17,112.99,pomegranate
21.7,21.4,47.4,13.88,96.67,6.5,102.89,pomegranate
24.6,14.2,39.9,19.84,81.5,6.4,109.34,pomegranate
26.1,22.2,43.5,19.23,91.65,6.81,113.45,pomegranate
18.0,15.6,47.4,18.24,98.54,6.84,100.06,pomegranate
9.8,17.1,39.0,21.36,91.13,6.08,106.07,pomegranate
15.7,21.1,41.1,23.16,96.6,6.19,106.3,pomegranate
17.3,16.3,46.4,24.11,87.48,5.87,116.92,pomegranate
18.0,19.2,39.3,22.72,89.87,6.56,94.21,pomegranate
18.2,17.7,33.4,20.0,90.13,6.67,106.38,pomegranate
23.5,19.5,50.7,23.11,81.13,5.86,129.94,pomegranate
24.1,9.5,37.7,22.37,85.33,6.22,120.97,pomegranate
18.3,11.7,40.8,24.81,85.61,5.86,123.19,pomegranate
23.4,21.5,45.8,24.33,93.29,6.04,107.29,pomegranate
20.4,23.1,37.0,22.09,93.49,6.62,110.85,pomegranate
19.3,15.4,35.0,19.31,91.3,6.11,119.03,pomegranate
22.6,18.0,41.3,20.04,93.3,6.28,125.72,pomegranate
19.3,20.2,31.0,20.35,89.34,5.75,83.58,pomegranate
27.2,21.8,38.6,21.05,94.81,6.47,91.21,pomegranate
13.2,10.9,41.2,22.8,90.04,6.38,122.71,pomegranate
16.9,15.5,38.7,24.15,90.23,6.11,103.68,pomegranate
18.5,17.7,32.3,21.85,88.94,6.32,98.94,pomegranate
20.8,21.8,48.0,22.05,92.74,6.47,91.95,pomegranate
24.1,29.0,40.5,22.43,88.32,6.07,100.34,pomegranate
18.9,18.1,47.2,20.45,93.91,5.81,90.17,pomegranate
13.3,13.4,38.7,19.22,85.47,7.12,132.09,pomegranate
22.4,20.6,35.6,16.73,85.6,6.15,106.73,pomegranate
22.0,24.3,41.3,19.91,92.75,6.36,106.3,pomegranate
11.2,19.4,38.9,23.42,89.65,6.8,114.06,pomegranate
19.0,15.4,34.1,19.89,88.18,7.81,118.55,pomegranate
12.6,22.8,47.3,21.29,93.56,5.9,118.35,pomegranate
16.3,21.7,36.9,23.4,87.57,6.58,119.88,pomegranate
15.4,14.9,30.8,23.56,89.2,6.12,99.43,pomegranate
22.2,20.5,46.6,18.76,95.6,6.18,103.43,pomegranate
19.5,23.0,37.5,24.99,96.16,6.11,116.23,pomegranate
13.9,23.7,37.0,25.38,96.29,5.95,100.67,pomegranate
22.5,18.7,31.2,18.61,88.87,6.38,106.94,pomegranate
13.3,17.6,48.7,19.53,94.92,5.81,111.79,pomegranate
109.4,80.2,50.8,25.68,77.48,6.69,103.45,banana
78.7,81.0,50.4,25.97,82.3,6.05,98.89,banana
108.6,82.8,54.9,26.09,79.56,6.3,110.82,banana
97.2,79.6,44.9,27.68,79.26,6.04,94.81,banana
108.5,87.1,39.5,27.91,76.91,5.73,108.67,banana
109.3,78.9,50.9,20.91,86.66,5.1,96.22,banana
119.3,66.5,51.7,29.04,78.5,6.08,94.23,banana
116.2,80.8,58.9,29.87,82.8,5.69,97.35,banana
116.2,63.1,42.4,24.9,72.5,5.68,100.5,banana
117.3,84.8,56.9,25.06,84.72,5.8,104.41,banana
103.5,74.2,64.2,26.1,84.21,6.7,107.83,banana
100.4,83.3,47.7,25.49,80.39,6.96,60.74,banana
110.5,92.5,42.3,27.45,79.09,6.09,95.31,banana
108.8,74.4,47.6,23.11,81.6,5.81,100.3,banana
96.3,90.5,50.1,24.76,89.16,5.53,123.06,banana
104.9,78.5,53.4,30.08,72.95,6.19,92.04,banana
99.6,96.0,46.5,25.14,83.13,6.71,106.95,banana
89.8,79.1,59.3,29.49,76.35,5.9,122.94,banana
115.5,75.3,43.3,27.71,79.92,5.05,89.24,banana
100.7,87.5,39.6,23.38,79.01,6.27,109.73,banana
124.6,78.5,56.6,28.27,78.29,6.39,95.37,banana
80.5,75.3,36.4,26.76,79.96,5.37,98.94,banana
93.3,78.2,48.8,26.09,75.46,6.07,95.36,banana
100.4,81.6,68.7,27.49,84.12,6.18,96.22,banana
113.6,92.7,49.9,27.95,72.82,5.97,137.66,banana
104.8,66.5,43.3,28.42,82.16,5.68,115.13,banana
103.7,82.2,49.7,29.36,78.69,6.41,118.22,banana
86.5,87.0,49.7,27.82,75.32,5.84,110.9,banana
86.1,83.5,51.0,24.25,80.81,5.41,85.72,banana
103.9,92.5,54.0,26.05,73.77,5.18,109.74,banana
83.6,81.4,43.8,32.89,80.16,6.5,117.88,banana
93.6,80.5,60.1,28.45,74.31,6.25,94.76,banana
106.0,86.7,51.5,31.74,81.85,6.04,116.58,banana
88.2,82.8,54.4,29.79,76.3,5.82,113.45,banana
119.3,78.9,46.2,27.48,78.2,5.79,127.22,banana
114.7,86.1,57.7,27.6,81.18,5.57,99.99,banana
81.1,76.8,48.5,26.93,76.91,5.83,91.83,banana
88.8,77.1,51.7,23.52,79.77,5.15,100.66,banana
72.6,77.8,44.4,27.04,73.94,5.71,122.23,banana
90.6,92.8,44.0,29.42,82.52,5.88,83.06,banana
109.2,56.2,54.1,25.8,87.06,6.24,80.18,banana
95.0,85.2,47.3,27.82,91.17,5.98,106.07,banana
105.5,82.3,44.9,28.7,80.36,6.32,99.69,banana
81.7,68.6,46.1,25.18,83.15,6.54,105.09,banana
109.6,84.5,54.2,26.1,72.88,6.42,116.34,banana
93.3,85.8,46.2,24.96,86.01,6.19,98.37,banana
100.1,86.7,49.3,25.36,83.1,6.0,82.52,banana
98.9,60.8,50.1,24.42,78.06,5.61,129.53,banana
84.7,92.9,38.5,25.2,84.95,6.3,93.03,banana
86.2,76.1,41.2,29.84,78.98,6.67,92.29,banana
111.6,87.5,52.0,25.17,78.17,6.14,118.24,banana
104.8,87.9,45.6,27.25,81.9,6.77,100.39,banana
112.6,75.0,56.3,25.99,75.75,5.39,104.24,banana
103.9,87.3,55.8,29.36,84.09,5.54,110.79,banana
101.7,78.9,54.3,29.62,75.78,6.34,118.0,banana
79.3,65.4,60.9,28.73,75.8,6.11,101.0,banana
96.8,91.3,49.5,27.61,76.36,6.53,123.24,banana
99.7,75.8,53.9,26.54,83.04,5.99,79.37,banana
123.4,75.2,46.5,24.62,77.53,5.65,114.12,banana
108.2,78.8,64.7,30.89,74.61,5.91,94.93,banana
118.4,84.2,61.9,25.48,77.58,5.39,121.47,banana
107.2,81.5,50.1,28.33,79.87,5.55,106.7,banana
91.5,86.4,52.3,29.12,75.28,6.39,96.93,banana
101.4,71.3,58.2,25.89,75.39,6.35,112.95,banana
102.8,76.1,49.1,29.08,88.45,6.15,115.72,banana
88.7,81.1,46.1,28.53,76.56,5.31,112.7,banana
95.4,97.2,55.2,30.46,78.71,5.86,92.64,banana
97.5,81.1,50.5,26.06,78.53,5.51,99.19,banana
119.3,90.7,51.1,24.43,78.31,6.47,104.95,banana
75.0,82.3,45.0,25.99,82.49,5.77,104.5,banana
114.5,78.1,39.7,27.42,83.79,5.57,114.0,banana
88.8,80.0,51.4,27.12,78.78,6.01,80.82,banana
83.5,80.7,55.4,26.21,75.05,5.74,109.01,banana
114.2,86.8,48.6,23.18,85.1,6.59,101.52,banana
108.8,93.0,58.6,27.94,79.62,5.71,94.94,banana
115.1,84.9,45.8,30.94,86.92,5.44,96.09,banana
109.6,91.5,43.7,27.93,71.02,5.14,102.43,banana
124.7,74.3,49.6,28.22,80.78,5.99,61.79,banana
106.7,78.7,49.5,28.14,87.67,5.78,96.58,banana
98.1,76.2,54.6,27.79,78.59,5.43,94.49,banana
104.1,84.5,45.4,28.86,79.1,6.48,111.39,banana
114.9,79.1,58.2,27.79,81.18,6.27,95.33,banana
90.6,87.8,61.8,26.37,77.76,5.99,102.42,banana
92.2,74.6,49.8,25.41,78.75,6.55,123.51,banana
96.3,82.3,57.5,26.5,78.65,6.27,116.93,banana
74.7,87.5,43.7,27.63,77.49,5.67,115.83,banana
101.7,65.5,56.5,26.37,84.92,5.58,99.0,banana
77.4,99.0,56.3,27.63,81.84,6.33,111.52,banana
100.6,79.7,55.2,27.88,81.0,6.16,102.19,banana
110.4,65.8,49.9,28.67,83.23,6.07,102.65,banana
94.3,83.3,32.3,29.57,78.94,5.66,109.92,banana
120.1,82.3,46.1,27.16,76.9,6.24,97.84,banana
82.5,81.3,46.2,24.38,77.59,5.7,122.92,banana
114.3,89.9,44.1,26.31,80.01,5.96,103.08,banana
108.1,88.0,50.7,27.09,75.76,6.58,112.42,banana
79.4,84.4,47.5,23.33,78.0,5.74,122.47,banana
132.5,85.6,45.1,29.78,77.94,5.37,117.38,banana
99.2,81.2,43.6,27.28,88.5,5.58,88.09,banana
89.5,96.2,45.7,27.76,68.9,6.4,110.34,banana
83.1,70.2,56.7,29.73,79.28,6.1,115.21,banana
24.5,22.8,22.6,30.9,35.62,4.27,112.45,mango
14.4,23.6,24.4,29.49,45.93,6.29,89.24,mango
16.7,23.0,31.9,30.48,47.12,5.58,86.34,mango
25.0,28.0,24.1,33.14,38.75,5.48,96.67,mango
16.2,26.2,35.6,34.83,43.06,5.64,104.98,mango
18.5,24.2,29.6,32.71,38.11,5.62,104.58,mango
27.9,29.1,30.4,31.31,49.77,6.04,77.91,mango
19.8,35.6,28.6,35.49,54.91,5.18,117.94,mango
16.4,35.2,33.9,30.06,56.64,5.37,87.31,mango
15.6,17.4,33.9,34.09,52.49,5.94,91.82,mango
21.7,29.9,31.7,30.14,44.22,6.05,84.17,mango
13.3,26.1,32.8,32.29,38.41,6.06,127.38,mango
18.8,27.8,28.9,30.66,39.46,5.49,97.9,mango
21.7,25.0,32.7,30.83,42.39,5.41,84.79,mango
26.5,27.6,28.3,29.87,44.67,5.6,105.37,mango
23.3,27.8,30.0,35.03,49.04,5.9,104.23,mango
16.4,24.1,28.6,28.8,43.92,6.39,92.75,mango
25.9,22.5,27.7,28.78,52.03,4.98,105.09,mango
18.5,24.8,26.6,37.36,48.61,5.71,85.1,mango
13.8,28.2,32.3,33.93,50.06,5.27,89.08,mango
19.1,30.0,36.6,23.84,56.84,5.14,70.88,mango
27.2,31.3,35.9,29.3,42.92,6.19,79.11,mango
20.8,24.5,23.7,25.56,52.51,6.02,116.69,mango
20.1,28.4,36.4,28.15,49.92,5.98,114.7,mango
28.2,31.8,28.4,21.58,48.0,6.17,95.79,mango
12.8,32.8,33.0,30.59,55.31,5.61,114.96,mango
13.6,26.7,25.5,27.57,55.27,5.63,93.08,mango
11.9,25.9,30.7,31.18,44.32,6.67,92.08,mango
21.9,28.0,31.6,26.12,48.91,5.7,95.68,mango
20.8,21.3,22.6,31.25,51.69,6.09,93.5,mango
27.7,26.0,33.0,29.76,48.36,5.8,92.42,mango
21.2,30.7,36.7,35.51,53.51,5.06,108.72,mango
18.0,30.2,29.1,35.23,51.69,4.98,96.8,mango
20.0,25.6,36.8,33.36,61.0,5.57,103.55,mango
20.6,28.1,29.1,30.02,40.82,6.22,107.38,mango
11.6,22.9,34.2,36.96,49.27,6.12,99.66,mango
33.6,30.5,18.9,26.34,44.55,6.17,83.36,mango
22.6,26.6,42.1,26.79,53.62,5.41,78.77,mango
21.1,25.6,37.5,30.75,40.3,6.45,96.79,mango
23.1,25.2,28.6,37.76,52.08,5.41,92.94,mango
23.5,26.7,20.1,30.39,46.22,5.89,96.05,mango
19.3,24.8,31.4,30.45,45.6,5.8,94.81,mango
16.8,30.3,22.8,26.67,41.32,5.73,126.0,mango
23.0,25.0,32.2,33.84,47.21,6.34,79.04,mango
21.9,35.0,32.1,33.86,56.51,5.52,71.12,mango
16.0,34.3,25.3,33.37,49.85,5.26,98.99,mango
27.1,22.5,35.6,29.11,53.77,5.81,90.48,mango
21.5,27.3,34.0,28.88,59.99,5.64,98.79,mango
23.6,23.7,34.9,27.12,51.58,7.15,102.01,mango
27.0,25.4,30.0,31.25,46.65,6.07,110.41,mango
20.1,37.0,22.9,27.76,52.8,5.64,76.91,mango
21.6,25.5,34.9,27.47,46.73,5.38,88.32,mango
24.1,28.8,28.6,29.73,46.97,5.05,100.15,mango
16.4,29.7,23.1,29.53,40.88,5.39,104.25,mango
20.3,22.0,36.8,29.39,55.56,5.85,121.32,mango
20.6,22.7,40.5,32.4,47.68,6.37,106.47,mango
15.2,21.0,29.8,31.24,51.09,6.25,94.32,mango
31.6,22.6,40.8,30.14,43.78,5.89,84.31,mango
13.0,12.7,30.5,31.55,52.62,5.67,88.23,mango
13.5,29.7,28.1,28.03,45.43,5.91,87.89,mango
26.6,37.3,26.8,31.32,49.15,5.59,102.86,mango
23.6,27.7,38.2,31.45,55.27,6.49,98.08,mango
14.9,19.9,26.1,26.49,54.74,5.72,79.12,mango
23.0,23.8,33.7,33.99,49.87,5.77,89.77,mango
27.3,24.7,27.2,28.36,39.39,4.91,105.53,mango
19.8,21.9,27.7,31.27,67.96,5.72,99.22,mango
33.0,31.3,35.2,34.49,60.48,6.13,101.82,mango
11.4,31.1,28.1,33.78,54.34,5.37,99.6,mango
23.5,21.2,28.0,31.1,45.48,5.5,114.52,mango
25.8,30.6,35.7,29.91,49.32,6.12,97.83,mango
24.5,34.6,38.0,33.84,46.74,5.21,90.37,mango
19.0,36.5,33.2,33.02,57.58,6.22,84.01,mango
18.5,41.3,26.7,29.14,51.58,5.59,98.0,mango
22.2,22.5,27.4,28.62,45.3,5.64,65.71,mango
24.1,41.1,30.4,24.78,47.18,5.35,92.79,mango
23.0,25.2,31.6,31.46,56.73,5.95,92.53,mango
25.2,24.0,25.1,30.75,59.6,6.78,78.63,mango
14.9,28.6,33.6,34.41,59.17,6.11,83.86,mango
18.9,24.1,30.4,32.08,54.54,5.45,104.72,mango
15.3,29.0,21.4,35.0,48.48,6.25,97.77,mango
18.1,20.4,25.4,28.91,30.55,5.67,96.22,mango
25.1,25.8,27.5,34.41,51.78,6.35,98.68,mango
20.5,33.4,29.6,29.41,49.99,6.12,96.11,mango
33.0,26.7,39.4,33.33,50.84,4.62,109.91,mango
21.0,27.7,31.2,26.62,50.32,5.4,96.48,mango
20.3,29.4,25.8,31.71,42.04,6.18,77.5,mango
20.5,32.9,31.1,25.05,53.34,5.86,114.56,mango
16.8,18.7,28.2,30.2,53.79,5.39,99.44,mango
19.7,29.9,31.6,32.32,54.09,5.55,87.93,mango
25.6,25.7,32.9,29.44,55.68,5.04,79.96,mango
20.6,27.8,36.0,27.85,53.62,5.76,99.75,mango
16.0,32.3,29.9,33.54,47.54,6.68,93.59,mango
15.4,21.0,38.2,30.69,49.57,6.12,113.89,mango
17.7,21.9,34.5,29.53,50.55,6.68,90.85,mango
20.4,17.3,26.5,31.13,50.65,6.15,84.95,mango
26.0,24.3,41.0,38.91,55.99,6.21,105.75,mango
13.3,33.7,31.6,34.46,53.86,6.59,106.1,mango
18.4,26.4,25.8,34.49,62.46,5.95,97.02,mango
20.7,20.3,38.3,32.31,63.24,5.73,103.12,mango
10.8,24.6,40.4,31.5,50.48,6.21,94.55,mango
24.2,150.0,196.2,30.37,78.74,5.95,76.65,grapes
28.8,127.5,192.4,21.65,77.39,6.09,79.73,grapes
26.1,150.0,210.0,18.23,83.99,5.61,73.99,grapes
22.2,129.4,204.2,26.55,84.54,6.06,49.58,grapes
29.8,118.3,206.1,30.98,83.6,5.83,67.45,grapes
11.2,128.9,210.0,26.65,73.94,5.69,57.44,grapes
33.3,142.5,185.8,24.82,78.53,6.29,66.97,grapes
14.5,123.6,210.0,25.64,81.88,5.38,78.8,grapes
19.9,126.0,174.9,29.66,83.95,6.23,72.05,grapes
22.8,137.9,192.3,20.5,85.07,6.27,80.48,grapes
22.3,132.0,195.4,23.55,82.58,5.65,72.42,grapes
28.0,137.8,205.8,22.19,83.32,5.67,56.02,grapes
17.7,134.4,202.2,19.33,82.34,5.91,43.79,grapes
24.3,136.8,198.3,22.69,84.74,6.11,70.49,grapes
20.1,127.7,199.9,28.43,83.25,5.94,66.86,grapes
24.5,134.3,190.2,26.27,82.26,6.17,59.23,grapes
22.7,122.7,185.0,26.58,80.93,6.71,51.99,grapes
23.5,144.9,207.3,24.59,82.33,5.8,61.65,grapes
20.3,125.7,206.9,26.09,83.94,5.31,67.06,grapes
20.4,143.3,210.0,20.8,83.07,6.33,75.66,grapes
24.4,129.7,192.1,22.76,83.52,6.67,70.89,grapes
27.7,134.0,206.9,24.77,87.37,6.16,85.08,grapes
20.0,127.1,197.2,25.11,83.06,5.56,58.64,grapes
18.7,121.8,210.0,25.28,79.4,5.95,77.81,grapes
26.1,114.6,210.0,23.45,85.53,5.55,69.47,grapes
22.8,121.4,202.1,22.49,76.54,6.26,75.95,grapes
27.2,128.8,196.6,36.63,77.67,5.46,64.63,grapes
18.5,134.1,209.6,27.63,83.34,5.88,79.72,grapes
14.1,142.1,206.5,25.65,84.07,5.6,71.95,grapes
20.3,127.5,193.2,23.07,77.02,6.05,62.21,grapes
19.2,123.2,186.7,22.2,80.47,5.85,68.88,grapes
22.6,117.6,197.1,23.48,79.58,6.07,66.6,grapes
19.8,136.8,210.0,25.17,80.05,6.01,73.89,grapes
26.7,145.8,210.0,16.48,85.77,5.61,57.2,grapes
21.6,144.7,188.9,17.72,84.83,6.25,68.71,grapes
23.8,139.1,188.3,21.45,81.92,5.98,72.95,grapes
23.8,138.4,210.0,24.83,79.82,5.6,69.33,grapes
24.0,149.0,188.6,23.04,76.6,6.9,82.47,grapes
22.9,135.3,205.1,29.91,87.68,6.19,76.74,grapes
25.6,138.5,193.8,18.07,84.37,5.94,68.93,grapes
19.0,128.8,210.0,20.99,79.17,6.57,71.17,grapes
30.0,118.4,192.3,30.08,84.88,6.74,71.96,grapes
21.8,125.2,210.0,24.52,81.72,5.94,73.03,grapes
16.4,131.9,201.8,27.54,80.85,6.14,50.74,grapes
23.9,132.6,202.5,32.2,83.74,5.6,65.98,grapes
18.7,150.0,180.3,21.22,79.03,5.94,54.16,grapes
26.3,132.8,178.0,23.6,80.62,5.92,81.78,grapes
34.0,143.8,197.8,22.91,82.49,6.07,68.39,grapes
19.1,127.6,202.5,16.18,80.0,6.13,67.07,grapes
24.7,128.9,188.7,22.76,84.68,6.22,77.97,grapes
14.2,118.7,189.1,27.52,89.48,6.1,73.22,grapes
25.3,124.6,205.6,26.16,78.98,5.52,57.71,grapes
18.6,137.3,205.6,26.48,75.34,5.62,68.29,grapes
19.9,132.1,198.6,22.5,73.99,5.78,65.65,grapes
17.5,141.4,207.8,21.38,81.4,5.89,51.55,grapes
26.7,133.8,188.3,29.08,79.35,6.42,62.1,grapes
28.0,128.5,196.4,22.01,82.83,5.53,67.16,grapes
23.1,150.0,210.0,25.18,82.53,5.86,67.85,grapes
18.7,131.1,200.7,24.65,75.59,6.38,54.18,grapes
30.9,143.6,201.3,29.85,74.74,5.88,80.52,grapes
19.2,128.0,210.0,27.89,83.18,6.18,67.98,grapes
12.2,139.1,186.0,18.82,82.54,5.94,69.38,grapes
25.3,141.3,208.0,19.25,80.3,6.1,73.01,grapes
17.5,134.1,210.0,26.32,75.37,5.91,61.12,grapes
27.9,108.5,196.8,23.74,83.89,6.27,73.56,grapes
21.1,132.2,208.6,22.18,87.09,5.38,65.33,grapes
26.0,144.3,190.2,28.06,83.11,5.85,60.03,grapes
30.0,137.3,193.1,24.75,78.61,6.12,74.73,grapes
17.0,136.5,203.8,24.21,82.18,6.21,83.92,grapes
20.2,114.8,208.0,27.12,76.54,6.6,76.25,grapes
22.6,124.8,210.0,22.5,86.23,5.84,78.23,grapes
30.7,136.1,210.0,30.27,82.33,6.59,63.79,grapes
19.7,136.1,199.3,20.85,74.93,5.74,53.02,grapes
20.0,144.1,210.0,26.63,80.8,6.53,83.9,grapes
25.4,130.6,196.6,29.74,83.85,6.33,89.55,grapes
20.1,136.1,209.0,18.49,80.67,5.63,84.43,grapes
23.8,132.2,202.1,22.63,80.9,6.12,65.64,grapes
15.2,122.1,204.5,28.57,77.1,5.98,57.45,grapes
34.1,109.4,204.2,28.63,84.27,6.25,58.34,grapes
16.3,136.3,184.0,23.31,79.41,5.91,52.16,grapes
21.4,133.7,188.8,21.06,73.37,5.88,67.93,grapes
22.8,125.8,201.0,27.82,80.51,6.55,85.06,grapes
32.6,115.8,183.1,28.73,85.92,5.96,67.58,grapes
16.4,138.3,208.3,19.34,80.45,6.33,72.02,grapes
32.9,129.3,208.7,19.18,88.95,5.91,82.76,grapes
26.8,137.6,203.3,24.9,83.72,6.67,64.96,grapes
25.1,150.0,188.8,26.52,83.36,5.73,89.36,grapes
18.1,110.6,210.0,22.8,81.49,5.75,88.92,grapes
25.9,125.0,210.0,26.72,81.73,6.61,67.69,grapes
19.4,129.9,201.5,21.16,80.95,5.82,63.22,grapes
29.3,146.5,205.1,15.54,80.79,6.64,75.97,grapes
18.1,115.6,202.0,22.3,84.12,6.36,65.52,grapes
22.4,150.0,205.3,24.25,78.26,5.94,57.43,grapes
20.2,133.4,198.8,22.9,77.7,5.27,81.81,grapes
18.1,131.0,199.7,19.37,77.51,5.99,81.16,grapes
26.7,130.0,209.1,16.74,90.18,6.04,70.56,grapes
25.7,127.6,210.0,21.94,84.12,6.47,56.37,grapes
29.0,142.5,186.0,27.59,83.22,6.64,56.7,grapes
14.1,121.3,199.0,29.02,77.77,5.73,70.07,grapes
28.3,135.5,188.2,28.75,84.49,6.32,64.0,grapes
95.6,23.7,52.5,28.15,83.93,5.62,49.03,watermelon
109.2,15.1,55.1,24.82,90.29,7.01,54.57,watermelon
106.3,15.0,53.2,21.24,85.7,6.58,55.7,watermelon
112.8,15.9,39.4,25.38,80.9,6.35,51.05,watermelon
89.1,12.5,56.0,27.87,92.39,6.84,55.34,watermelon
95.6,10.2,55.6,31.42,88.96,7.11,44.53,watermelon
106.6,21.2,55.0,22.41,84.52,5.38,63.46,watermelon
103.5,9.6,52.2,24.72,87.91,6.67,58.94,watermelon
114.3,18.0,51.3,24.83,83.39,5.93,40.24,watermelon
103.2,20.5,56.2,30.07,88.32,6.7,42.4,watermelon
117.5,11.2,61.5,25.9,75.44,6.55,42.62,watermelon
104.4,13.3,44.3,23.28,80.92,6.75,56.42,watermelon
109.6,21.9,56.5,27.68,88.92,6.3,40.72,watermelon
95.8,19.1,49.5,24.79,84.0,5.75,48.35,watermelon
99.1,14.5,49.2,22.33,85.83,6.32,54.64,watermelon
108.1,21.8,40.8,23.32,79.61,6.66,50.47,watermelon
115.1,21.8,48.3,31.2,92.39,6.91,53.07,watermelon
106.3,18.1,44.0,27.15,89.76,6.03,42.47,watermelon
98.2,13.4,47.2,26.32,84.2,6.91,55.76,watermelon
112.8,15.3,43.4,25.25,83.38,6.24,46.09,watermelon
77.1,18.1,47.3,26.88,89.12,6.64,48.4,watermelon
84.8,16.2,47.6,26.84,92.93,6.3,52.9,watermelon
105.8,20.8,50.6,26.88,88.82,6.57,51.82,watermelon
99.1,10.9,40.3,26.34,93.69,6.86,51.19,watermelon
105.1,11.0,41.3,28.61,81.31,6.01,44.99,watermelon
99.6,17.7,52.2,26.07,81.72,6.23,48.6,watermelon
104.7,15.0,45.2,23.07,80.24,6.57,51.02,watermelon
90.9,14.5,56.4,24.16,86.77,7.46,40.0,watermelon
104.7,9.9,51.4,20.06,85.7,6.15,47.3,watermelon
108.9,17.1,53.6,32.08,84.39,7.32,54.1,watermelon
111.2,16.8,58.5,28.59,88.24,7.3,40.78,watermelon
119.1,19.6,48.1,23.51,89.93,6.46,60.25,watermelon
101.4,17.3,46.6,25.15,78.9,6.38,61.16,watermelon
101.7,16.5,55.2,24.09,82.61,6.22,41.04,watermelon
83.8,21.7,53.1,30.63,88.28,6.47,61.86,watermelon
93.7,11.8,48.9,21.74,83.13,5.94,49.85,watermelon
97.1,19.1,58.3,26.34,81.81,6.47,54.35,watermelon
109.5,10.3,48.7,25.67,89.07,7.1,47.03,watermelon
92.9,13.6,50.2,28.48,79.84,6.26,58.38,watermelon
107.0,12.1,50.1,25.69,83.79,6.4,54.25,watermelon
99.0,20.1,44.4,20.73,86.31,5.82,44.49,watermelon
97.2,16.7,50.5,25.25,82.7,6.65,41.68,watermelon
101.5,16.9,58.4,23.08,88.13,6.61,39.32,watermelon
95.1,12.6,52.7,26.24,82.72,6.53,52.5,watermelon
94.7,15.8,50.2,30.3,90.63,6.41,55.58,watermelon
82.0,13.9,49.0,20.78,84.5,6.38,56.21,watermelon
96.5,18.5,52.0,23.6,87.69,6.7,50.06,watermelon
94.2,13.0,54.5,24.34,87.98,6.49,41.74,watermelon
93.8,22.3,53.7,24.86,82.49,6.63,45.54,watermelon
103.2,10.3,48.0,28.22,76.79,6.59,60.22,watermelon
105.6,13.8,51.9,25.48,86.44,6.95,47.12,watermelon
101.3,23.7,52.9,27.25,85.29,6.77,52.15,watermelon
109.0,15.3,44.0,24.12,87.22,6.58,42.39,watermelon
104.8,11.7,51.0,26.69,84.09,7.11,53.69,watermelon
96.0,17.9,37.0,28.33,83.28,6.67,47.34,watermelon
94.4,15.1,52.9,23.8,93.03,7.02,59.37,watermelon
102.1,13.7,54.0,28.34,79.11,6.74,57.19,watermelon
104.7,12.6,54.5,26.16,87.94,5.76,47.03,watermelon
113.0,28.1,47.6,29.14,82.7,7.02,49.99,watermelon
110.9,16.0,51.9,25.4,83.66,6.55,46.59,watermelon
93.6,9.3,58.5,27.14,83.73,6.48,39.64,watermelon
98.0,23.0,58.5,25.88,81.79,6.61,44.14,watermelon
105.7,19.4,49.8,25.71,87.28,6.36,52.59,watermelon
109.7,13.9,50.8,26.78,90.56,6.59,53.6,watermelon
108.4,13.3,56.7,27.61,86.88,6.26,52.19,watermelon
98.4,19.7,41.0,22.25,85.41,7.01,48.59,watermelon
86.5,16.0,48.1,30.3,81.05,6.45,58.46,watermelon
89.0,9.3,58.0,20.42,87.07,6.35,51.51,watermelon
101.7,24.1,55.9,23.95,93.63,6.13,56.63,watermelon
102.4,15.3,52.2,25.72,83.48,6.61,36.81,watermelon
88.0,23.0,41.0,27.24,83.5,6.57,20.0,watermelon
99.4,22.1,49.7,30.73,82.76,6.66,53.27,watermelon
105.3,13.0,46.5,20.43,83.04,6.09,39.6,watermelon
87.5,21.1,52.0,24.48,74.02,5.86,49.3,watermelon
110.0,14.4,45.1,19.62,86.62,6.75,48.58,watermelon
95.2,9.5,43.8,26.09,81.62,7.09,63.7,watermelon
111.6,15.3,37.6,26.82,78.56,6.09,54.2,watermelon
93.7,18.6,57.3,30.77,88.01,7.14,52.33,watermelon
88.7,15.1,47.6,26.36,80.67,6.61,57.7,watermelon
94.4,15.8,50.9,29.13,83.65,6.5,53.95,watermelon
98.0,21.6,50.0,27.75,90.87,6.34,47.34,watermelon
95.1,17.4,43.6,24.69,79.36,5.95,59.57,watermelon
96.8,13.6,42.4,21.77,78.87,6.9,42.12,watermelon
102.3,19.8,44.0,26.83,86.08,6.19,53.59,watermelon
97.3,17.8,45.7,21.52,89.6,6.19,38.62,watermelon
98.3,6.9,52.2,29.89,78.7,6.9,52.63,watermelon
81.9,18.7,45.2,25.51,86.63,5.75,52.54,watermelon
102.9,18.6,60.5,29.59,87.32,5.89,64.41,watermelon
98.1,17.1,56.2,24.56,76.76,6.49,38.48,watermelon
115.1,20.6,54.9,26.81,88.19,6.62,46.19,watermelon
89.6,14.3,49.3,26.63,88.51,6.69,57.58,watermelon
80.9,18.3,59.1,25.86,83.75,6.38,53.68,watermelon
105.2,10.7,48.7,24.7,90.01,7.51,52.44,watermelon
102.5,18.6,49.8,27.18,89.55,6.41,43.35,watermelon
88.9,24.8,51.0,23.22,85.41,6.41,46.27,watermelon
83.7,13.0,54.2,22.37,83.19,6.18,60.96,watermelon
114.4,14.0,53.8,29.73,81.11,6.55,50.59,watermelon
113.1,14.2,47.1,28.18,84.85,6.75,54.0,watermelon
74.1,17.5,46.8,26.2,87.28,6.98,50.08,watermelon
94.4,12.7,53.8,31.0,83.7,5.9,41.54,watermelon
109.3,21.7,45.9,31.81,92.88,6.97,24.68,muskmelon
105.0,19.5,48.2,29.4,92.64,6.11,24.61,muskmelon
123.1,13.5,46.4,24.79,93.47,6.97,30.99,muskmelon
89.8,17.8,50.7,27.65,92.17,6.11,25.07,muskmelon
108.2,21.9,57.2,27.28,92.0,6.47,22.89,muskmelon
86.9,13.0,45.4,27.91,95.59,6.02,30.23,muskmelon
101.6,20.5,56.0,30.13,96.55,6.4,25.6,muskmelon
109.8,27.3,45.3,28.79,87.48,6.52,21.25,muskmelon
79.3,22.2,44.9,28.85,92.03,6.35,30.77,muskmelon
98.0,23.7,54.9,31.63,89.93,6.61,25.97,muskmelon
94.4,18.9,55.5,27.61,91.07,6.43,25.01,muskmelon
93.0,21.9,55.1,32.73,93.21,6.24,25.89,muskmelon
103.9,15.1,42.1,27.66,94.01,6.23,20.0,muskmelon
111.2,21.2,47.2,29.18,91.66,6.64,22.36,muskmelon
98.7,20.6,54.9,28.44,86.26,6.2,25.02,muskmelon
102.1,19.2,50.2,29.25,89.1,6.67,24.03,muskmelon
101.1,23.3,43.6,29.89,94.69,6.77,31.36,muskmelon
100.0,15.8,52.7,29.87,83.78,5.9,26.09,muskmelon
89.1,17.3,45.7,27.49,95.56,6.74,29.27,muskmelon
111.1,18.4,60.8,26.75,93.56,7.02,25.05,muskmelon
103.0,13.9,59.3,34.01,95.95,6.48,30.28,muskmelon
103.9,18.9,53.6,28.03,91.4,6.58,26.99,muskmelon
91.9,11.1,58.2,30.4,85.82,6.71,25.07,muskmelon
95.4,22.2,50.4,25.78,93.29,6.32,24.93,muskmelon
98.2,18.2,54.6,28.44,95.82,6.45,20.23,muskmelon
84.7,15.9,58.9,28.75,94.77,6.01,27.53,muskmelon
83.1,14.7,51.5,29.95,90.01,6.44,24.8,muskmelon
94.0,17.1,48.5,23.56,92.26,6.55,22.49,muskmelon
105.2,20.8,39.8,29.33,90.4,6.55,30.53,muskmelon
93.5,20.2,49.5,26.7,89.54,6.72,20.0,muskmelon
89.8,15.2,54.9,29.65,94.87,6.17,22.89,muskmelon
91.9,14.6,55.7,26.93,88.41,6.24,30.14,muskmelon
95.4,20.6,53.0,27.29,89.32,6.97,26.58,muskmelon
96.5,15.1,46.8,28.45,88.69,6.35,24.76,muskmelon
121.7,18.2,38.1,26.9,87.53,6.46,26.26,muskmelon
110.5,18.5,47.0,28.05,92.44,6.38,25.9,muskmelon
110.2,19.2,48.2,26.61,95.48,6.15,20.0,muskmelon
111.7,21.4,48.1,25.33,91.45,6.89,23.25,muskmelon
90.0,12.9,53.7,31.04,87.48,6.24,33.08,muskmelon
87.8,10.4,61.9,26.41,94.52,6.06,21.7,muskmelon
88.9,15.7,50.7,28.64,97.06,6.26,23.41,muskmelon
113.3,25.2,48.7,30.51,90.06,5.8,22.29,muskmelon
94.5,26.1,48.4,27.77,90.56,6.2,24.56,muskmelon
87.5,25.3,50.7,27.35,93.55,6.11,22.08,muskmelon
95.7,17.2,45.0,29.45,96.87,6.59,27.43,muskmelon
97.6,10.9,50.7,31.24,90.44,6.2,25.99,muskmelon
102.7,8.6,52.7,26.66,88.0,6.67,28.87,muskmelon
102.5,15.5,51.3,28.7,93.89,6.82,20.0,muskmelon
91.7,17.2,52.7,25.54,94.4,6.63,23.3,muskmelon
106.9,23.2,52.6,28.21,92.02,6.34,23.87,muskmelon
93.6,21.5,39.4,29.07,90.33,6.44,27.28,muskmelon
98.4,18.9,53.8,27.29,94.98,5.94,21.03,muskmelon
106.9,14.4,46.0,28.09,93.58,6.36,29.58,muskmelon
93.6,14.2,43.4,26.18,89.69,6.14,30.93,muskmelon
94.3,19.0,43.4,29.15,92.15,6.61,20.06,muskmelon
105.9,20.8,52.6,31.11,87.94,7.17,22.55,muskmelon
91.4,19.6,48.7,26.81,94.06,6.55,22.34,muskmelon
96.2,13.9,39.9,27.75,91.21,5.8,38.16,muskmelon
105.6,20.6,52.9,30.01,90.69,6.29,22.85,muskmelon
120.5,19.7,41.4,31.42,91.9,6.44,33.39,muskmelon
106.1,13.7,50.8,26.01,92.12,6.43,20.0,muskmelon
104.7,14.9,51.4,28.66,94.68,6.18,20.05,muskmelon
105.3,20.8,55.3,29.57,93.77,6.47,21.57,muskmelon
89.3,17.1,60.7,28.8,91.53,6.03,20.77,muskmelon
101.2,24.4,41.8,24.05,94.29,6.12,23.66,muskmelon
99.7,20.0,49.7,30.0,93.2,6.59,21.46,muskmelon
103.2,16.1,48.3,32.04,90.72,6.1,20.9,muskmelon
101.2,18.0,52.6,29.23,91.63,6.56,30.79,muskmelon
103.8,18.3,51.3,26.94,91.56,5.99,31.12,muskmelon
96.9,15.1,47.9,27.97,93.52,6.93,29.75,muskmelon
100.6,14.3,47.4,32.54,90.9,6.17,27.62,muskmelon
87.7,20.8,43.3,30.82,90.83,6.33,25.46,muskmelon
96.8,21.4,55.9,30.28,97.91,6.5,22.51,muskmelon
113.9,20.4,52.8,29.71,94.82,6.23,20.23,muskmelon
103.2,24.1,55.5,27.68,89.72,6.44,26.81,muskmelon
99.8,15.8,48.1,28.6,93.71,6.57,20.0,muskmelon
119.0,24.7,46.1,28.84,92.36,6.69,20.03,muskmelon
86.4,14.4,43.5,30.1,93.17,6.64,30.76,muskmelon
88.9,13.9,52.2,32.02,92.41,6.35,34.5,muskmelon
117.1,11.0,43.8,31.24,95.57,6.36,26.97,muskmelon
100.5,16.2,61.1,26.16,93.04,7.1,30.53,muskmelon
97.6,16.0,42.2,29.45,91.81,6.68,23.77,muskmelon
88.0,20.1,51.6,30.47,95.13,6.12,20.0,muskmelon
104.5,19.0,59.4,30.24,92.7,6.43,28.06,muskmelon
105.4,13.2,53.6,27.74,92.36,6.3,27.85,muskmelon
89.1,16.4,51.1,34.83,92.94,6.36,25.36,muskmelon
98.6,16.5,44.2,26.45,91.72,6.03,23.79,muskmelon
96.6,10.9,41.7,26.83,92.03,6.28,29.81,muskmelon
102.6,14.1,54.6,29.47,90.24,6.94,20.07,muskmelon
88.8,14.9,59.0,33.23,89.75,6.57,21.13,muskmelon
112.5,23.7,47.4,27.33,89.0,5.65,20.0,muskmelon
109.2,18.8,43.2,28.47,87.82,6.77,25.42,muskmelon
96.4,20.6,35.3,31.15,89.36,6.73,20.0,muskmelon
97.8,12.0,44.1,28.96,91.48,6.29,21.58,muskmelon
98.6,22.8,49.3,28.33,92.31,6.62,21.47,muskmelon
92.2,23.2,59.6,30.13,91.19,6.14,23.7,muskmelon
95.6,10.0,54.0,29.55,84.93,6.26,20.0,muskmelon
97.3,15.2,51.8,31.06,96.72,6.85,25.44,muskmelon
116.1,20.0,47.6,31.58,95.26,6.32,31.24,muskmelon
109.5,20.6,46.5,29.61,93.34,5.84,25.68,muskmelon
27.2,145.9,194.4,21.3,89.22,5.55,117.45,apple
26.3,127.3,206.1,24.54,90.4,6.03,101.1,apple
24.1,125.4,195.8,23.87,87.46,6.23,101.41,apple
21.3,122.1,210.0,23.13,93.65,6.13,115.84,apple
21.1,135.8,205.9,25.79,91.75,6.23,121.14,apple
24.1,115.5,192.9,21.02,86.88,5.84,90.5,apple
19.4,138.6,200.3,21.27,89.5,5.76,119.26,apple
13.5,132.9,191.1,22.96,93.01,5.68,106.48,apple
23.0,145.3,198.2,21.08,90.37,5.88,110.69,apple
16.5,127.3,194.5,24.52,89.91,5.88,96.93,apple
17.2,132.0,210.0,20.86,91.78,5.96,102.78,apple
21.0,145.2,210.0,23.68,93.03,5.86,124.59,apple
20.6,147.8,185.7,22.7,87.69,5.86,113.39,apple
15.4,127.2,180.8,23.64,93.65,5.67,108.41,apple
21.7,135.8,197.5,21.62,89.6,6.18,111.6,apple
24.9,136.9,184.8,21.98,91.95,5.92,118.87,apple
16.5,137.7,200.5,23.29,91.89,5.85,118.29,apple
26.1,131.4,207.5,23.61,90.42,5.68,112.1,apple
14.8,146.8,210.0,22.99,88.93,5.5,126.12,apple
29.5,115.1,202.0,28.12,91.14,6.29,124.65,apple
19.4,129.8,198.1,20.03,96.88,6.07,117.96,apple
21.6,138.5,180.2,22.81,87.91,5.41,113.66,apple
13.4,138.6,200.3,18.28,97.08,6.13,120.89,apple
20.8,147.5,200.7,24.12,91.22,6.18,116.77,apple
21.9,146.0,206.4,19.65,92.11,5.94,125.73,apple
20.7,131.1,192.9,22.17,88.74,6.38,123.79,apple
18.7,147.0,195.6,21.88,89.69,5.97,100.78,apple
17.2,126.9,185.2,23.84,90.49,5.47,99.97,apple
25.5,143.3,177.1,21.34,88.86,6.01,104.59,apple
21.1,150.0,188.9,21.21,91.37,5.97,124.71,apple
27.2,146.1,184.3,27.31,90.78,5.72,94.08,apple
18.9,135.1,203.4,23.85,97.55,6.07,117.74,apple
19.3,130.7,194.8,21.32,88.5,5.4,117.35,apple
24.3,118.7,194.6,22.25,92.31,6.2,126.95,apple
14.5,137.1,190.2,27.94,92.74,5.64,115.16,apple
16.1,122.8,167.7,22.29,88.79,5.6,96.88,apple
25.4,126.1,210.0,20.93,94.06,5.87,101.49,apple
16.3,122.1,190.0,20.95,90.81,6.03,98.82,apple
13.7,129.4,195.9,21.35,84.52,5.95,106.54,apple
28.5,133.7,185.5,21.22,93.98,5.68,110.81,apple
15.4,136.7,209.7,19.16,88.65,5.75,99.01,apple
21.7,128.0,201.4,19.63,88.86,5.56,130.65,apple
21.3,144.7,191.7,20.51,94.06,5.83,97.1,apple
9.8,131.9,196.1,24.77,90.96,6.22,129.15,apple
19.9,126.1,210.0,21.86,94.75,5.9,127.22,apple
22.8,136.3,199.3,22.38,95.63,6.16,123.78,apple
22.4,150.0,198.2,26.81,90.07,6.34,104.67,apple
24.6,137.4,190.6,26.89,94.38,5.72,117.11,apple
19.5,130.4,181.1,22.15,89.73,5.84,97.67,apple
23.9,118.7,198.4,21.11,98.7,6.55,123.93,apple
18.2,131.8,203.3,20.41,89.92,6.33,112.11,apple
15.4,136.3,210.0,25.08,95.08,5.4,108.09,apple
15.8,130.1,177.5,22.39,94.53,6.02,98.32,apple
15.2,117.3,188.7,21.84,92.95,5.9,83.27,apple
25.0,125.5,194.2,20.56,89.99,6.15,100.54,apple
14.9,148.5,200.0,20.69,91.55,5.68,126.35,apple
22.1,148.3,198.5,23.96,85.54,5.65,108.17,apple
19.9,125.1,198.8,19.05,92.67,5.7,110.97,apple
20.6,140.7,204.1,25.98,93.05,5.73,120.87,apple
26.5,122.2,191.0,21.4,92.4,6.14,134.67,apple
19.2,148.0,209.3,22.55,83.08,5.55,128.9,apple
23.4,136.5,204.3,18.99,88.2,5.71,101.33,apple
21.2,143.5,196.8,22.96,89.76,5.36,89.69,apple
20.4,116.8,210.0,22.02,92.87,6.2,141.32,apple
30.2,140.8,210.0,22.85,92.87,6.28,140.23,apple
15.2,133.9,209.3,27.42,91.49,5.8,115.26,apple
26.2,142.5,169.8,23.53,93.91,5.81,97.75,apple
23.6,143.1,210.0,20.62,88.92,6.04,124.56,apple
19.1,134.7,207.9,20.87,93.83,6.34,111.7,apple
27.5,128.0,210.0,24.79,93.42,6.02,111.64,apple
13.6,141.8,210.0,26.9,93.13,5.69,123.73,apple
18.9,133.4,210.0,23.85,91.45,5.41,117.01,apple
16.2,125.3,208.8,25.07,97.49,5.57,98.77,apple
22.6,124.8,210.0,24.83,93.48,5.92,109.1,apple
16.5,119.2,210.0,27.26,89.09,5.7,120.93,apple
22.7,128.9,202.2,17.15,92.74,5.96,119.12,apple
20.3,145.0,184.3,25.0,94.26,5.73,116.14,apple
19.1,135.8,196.9,25.95,90.24,5.58,124.2,apple
22.6,128.7,203.9,18.98,95.27,5.55,108.66,apple
19.9,142.0,200.7,20.34,93.15,6.37,115.14,apple
16.6,125.7,187.5,20.45,84.97,6.17,72.49,apple
32.2,135.0,183.7,20.81,92.9,6.42,107.6,apple
19.1,132.2,192.6,21.55,90.78,6.06,122.17,apple
12.1,141.8,208.1,23.73,93.61,5.77,108.32,apple
17.6,118.2,210.0,25.6,94.83,6.3,107.41,apple
15.9,125.5,209.2,26.24,92.59,5.89,100.5,apple
24.3,117.6,210.0,20.49,97.0,5.97,125.04,apple
22.3,131.4,199.2,20.47,91.46,5.89,119.58,apple
22.6,146.1,182.6,26.95,93.87,5.02,122.9,apple
19.5,128.9,195.4,24.94,94.41,6.38,92.29,apple
19.9,128.9,197.4,23.25,91.71,6.05,111.07,apple
19.5,142.7,195.0,24.42,94.34,6.0,109.64,apple
20.7,144.7,200.5,22.91,90.22,5.88,109.63,apple
24.3,133.1,204.4,24.57,90.73,5.95,105.61,apple
22.3,140.8,208.5,21.99,88.06,5.72,108.85,apple
23.0,123.2,197.2,23.81,92.72,6.08,123.2,apple
23.0,147.8,181.0,18.47,92.98,5.51,90.05,apple
24.5,150.0,195.2,20.94,95.54,5.96,134.33,apple
22.2,139.2,200.4,20.97,94.37,6.07,118.81,apple
22.4,113.2,210.0,21.88,91.15,5.84,112.49,apple
23.6,16.9,9.5,25.21,86.43,7.24,109.99,orange
14.2,16.1,7.9,24.68,93.46,7.25,110.41,orange
17.3,13.1,8.1,25.37,88.68,6.34,103.84,orange
19.5,7.3,6.8,28.04,92.3,7.62,104.68,orange
25.5,12.0,11.1,30.45,90.37,7.21,110.87,orange
19.8,13.8,11.7,23.5,88.77,7.3,103.25,orange
21.8,15.0,7.7,27.4,89.59,6.7,92.94,orange
17.6,11.5,14.6,21.59,92.68,7.25,112.58,orange
21.9,14.0,9.1,27.74,88.16,7.45,122.88,orange
26.7,11.5,14.6,27.25,89.75,6.96,120.43,orange
24.0,15.5,8.1,27.03,93.99,7.8,100.28,orange
19.7,11.7,5.0,23.38,99.81,7.02,94.99,orange
22.7,12.6,11.2,20.33,93.43,7.46,106.59,orange
22.3,10.8,10.7,17.42,89.25,7.12,128.81,orange
22.0,15.4,10.1,22.84,90.9,7.23,117.75,orange
24.4,12.5,8.1,29.13,92.09,6.33,118.45,orange
24.4,19.6,9.9,21.76,90.95,7.15,120.68,orange
19.5,17.6,8.5,26.14,94.71,6.71,115.05,orange
22.6,15.7,9.1,26.38,92.65,6.66,111.45,orange
18.5,12.8,12.5,21.87,94.72,7.7,117.95,orange
16.3,17.5,10.6,28.27,91.06,6.91,103.45,orange
18.9,18.8,11.8,11.37,95.98,6.6,93.03,orange
19.7,16.6,9.3,18.11,91.5,6.86,118.68,orange
13.4,22.4,9.0,19.34,89.09,6.48,124.85,orange
23.4,17.8,6.5,19.72,98.53,7.57,96.58,orange
8.9,19.7,8.9,24.35,86.53,6.72,119.86,orange
30.9,16.5,5.0,24.16,89.78,7.21,130.17,orange
26.0,18.7,8.2,24.58,90.12,7.54,109.97,orange
19.0,12.8,9.8,25.38,99.52,6.8,100.18,orange
20.0,14.2,11.7,19.2,97.42,7.21,111.48,orange
21.2,17.4,9.2,18.13,96.48,6.59,103.39,orange
17.6,17.4,11.0,24.59,91.01,7.98,102.6,orange
20.8,18.0,5.0,20.48,99.28,7.37,115.2,orange
19.4,20.4,9.8,16.72,93.11,6.92,90.76,orange
19.6,10.3,5.0,26.89,94.93,6.69,92.67,orange
20.7,12.1,6.4,28.58,92.54,6.95,110.23,orange
14.7,16.9,9.4,29.23,91.85,6.86,109.73,orange
20.2,13.1,13.8,23.75,91.24,7.78,114.12,orange
20.7,29.5,11.1,25.5,91.37,6.51,132.5,orange
20.5,18.1,10.1,28.48,93.83,7.05,111.25,orange
19.1,15.7,9.9,20.43,93.1,6.99,117.18,orange
24.6,13.9,7.9,27.44,91.91,6.95,98.29,orange
18.6,14.1,8.4,24.1,96.53,6.96,119.22,orange
20.9,16.1,11.3,26.65,83.1,6.95,103.68,orange
25.2,16.4,5.8,23.74,93.53,7.35,110.86,orange
19.7,14.2,11.8,28.19,94.15,7.24,108.69,orange
20.9,14.9,8.8,23.89,95.44,7.17,122.4,orange
19.6,21.4,12.5,17.06,91.81,5.79,94.28,orange
24.9,21.5,12.9,28.81,92.62,7.12,82.6,orange
19.0,17.0,5.0,19.21,94.96,6.34,107.44,orange
25.1,10.6,8.3,28.01,96.47,7.26,115.62,orange
19.6,18.2,7.4,22.64,91.1,7.59,111.83,orange
16.6,22.2,5.0,27.7,92.8,6.63,124.79,orange
22.7,21.5,6.9,27.54,97.04,6.9,115.25,orange
18.8,18.9,17.3,24.72,85.63,6.76,103.23,orange
22.5,21.7,11.8,25.03,89.93,7.49,82.09,orange
9.1,16.2,15.8,24.69,96.4,7.04,107.15,orange
20.0,18.5,12.5,14.94,95.28,7.69,122.34,orange
18.2,13.3,7.8,23.47,93.57,7.17,105.3,orange
15.7,17.2,8.9,18.54,90.65,7.1,110.34,orange
17.8,21.3,11.8,23.68,89.35,7.03,115.06,orange
17.7,13.6,11.3,18.43,90.23,7.33,97.82,orange
19.8,12.6,8.3,18.26,96.64,6.3,117.48,orange
14.5,16.4,5.5,29.42,90.11,7.03,129.65,orange
21.3,15.1,19.9,27.28,92.3,6.97,107.93,orange
25.5,18.6,9.6,22.98,89.74,7.29,96.45,orange
21.1,14.2,9.0,23.74,94.53,6.92,109.2,orange
23.2,22.9,10.3,22.01,90.38,6.58,83.31,orange
24.4,10.8,9.3,25.28,91.71,7.0,114.04,orange
24.9,21.0,10.4,20.3,86.95,6.57,115.43,orange
27.5,12.9,13.9,26.97,87.16,6.23,130.11,orange
18.0,8.8,9.6,21.99,92.02,7.29,107.67,orange
17.1,17.0,6.5,21.32,88.02,7.23,114.9,orange
23.1,15.0,9.5,23.09,98.32,7.19,99.66,orange
22.8,11.6,8.6,20.64,85.82,7.52,105.72,orange
23.1,9.3,14.3,24.31,89.6,6.73,91.7,orange
27.6,16.0,13.5,20.85,92.05,6.43,107.66,orange
20.0,19.9,10.3,24.87,90.9,6.97,106.34,orange
21.7,18.3,6.2,27.86,88.69,6.86,113.59,orange
16.1,16.2,6.3,20.12,89.13,6.66,102.52,orange
28.5,17.9,10.0,22.48,89.03,6.97,111.0,orange
18.7,15.9,11.0,24.85,91.14,6.76,106.0,orange
18.8,10.3,8.9,21.26,97.86,6.27,106.02,orange
18.6,10.3,8.6,24.86,92.23,6.82,110.96,orange
17.4,15.2,8.2,25.22,95.55,6.55,110.49,orange
17.1,15.4,9.9,27.33,93.52,7.09,119.13,orange
17.9,19.4,5.0,20.58,95.34,6.74,108.55,orange
14.5,19.0,6.7,19.23,83.6,7.44,105.8,orange
16.9,18.4,8.1,21.77,91.09,7.64,107.83,orange
27.8,14.9,13.6,19.13,95.92,7.27,101.42,orange
22.9,10.5,7.6,25.26,90.28,6.38,105.68,orange
23.7,17.6,10.5,18.35,97.29,7.6,134.37,orange
24.7,18.1,10.7,32.33,96.45,7.63,99.05,orange
27.3,6.4,13.9,28.18,90.59,7.01,106.66,orange
12.9,12.7,13.8,23.05,90.49,7.53,105.35,orange
15.1,13.2,9.8,26.47,88.96,6.78,107.03,orange
16.8,16.5,8.6,16.45,90.11,6.25,106.03,orange
18.1,12.8,8.0,33.09,88.3,6.7,113.35,orange
18.8,15.8,9.3,20.64,93.29,7.69,89.48,orange
18.2,15.2,8.7,22.52,87.63,6.4,122.45,orange
55.1,68.4,40.2,34.99,92.68,6.93,150.66,papaya
40.1,44.0,44.5,39.04,91.77,6.91,127.73,papaya
31.8,56.4,49.1,30.07,95.89,6.64,131.62,papaya
42.2,58.7,56.7,35.44,93.21,6.91,128.31,papaya
48.1,59.1,52.8,38.44,89.48,6.02,140.92,papaya
70.6,60.4,43.0,36.28,89.96,6.73,160.55,papaya
54.3,63.9,49.2,36.5,94.05,6.96,142.92,papaya
35.5,58.7,62.1,35.76,95.13,6.45,136.35,papaya
44.5,56.1,50.7,37.9,93.66,6.45,120.12,papaya
49.6,55.7,48.0,30.74,97.69,6.14,151.28,papaya
52.0,54.1,53.0,29.84,96.91,7.18,131.29,papaya
39.5,65.3,54.6,33.98,93.32,6.48,144.76,papaya
48.9,53.8,47.3,27.52,89.48,6.77,137.69,papaya
44.3,65.8,53.0,37.69,88.07,6.88,155.57,papaya
41.2,59.2,48.0,37.66,90.84,7.15,140.64,papaya
52.1,54.8,54.3,32.7,94.26,6.65,142.12,papaya
56.2,63.9,51.0,32.89,97.48,6.54,150.29,papaya
56.7,53.2,52.9,33.78,93.25,6.75,174.6,papaya
54.6,64.1,45.4,34.16,95.51,7.09,156.33,papaya
46.0,60.7,45.1,34.38,91.26,6.65,141.67,papaya
55.7,54.2,55.7,35.67,93.87,6.41,143.05,papaya
52.5,63.2,49.5,33.48,94.47,6.24,135.13,papaya
51.1,63.4,51.7,36.83,86.06,6.33,128.75,papaya
45.1,68.3,48.2,35.34,90.76,6.96,134.71,papaya
46.0,66.7,55.4,32.18,94.85,6.6,131.42,papaya
50.6,62.9,46.4,38.01,92.82,6.52,152.8,papaya
69.5,50.0,49.2,29.93,88.41,6.49,126.93,papaya
52.4,78.6,54.7,33.72,84.71,6.73,163.0,papaya
45.1,47.8,57.0,36.9,90.9,6.63,154.28,papaya
43.3,66.6,46.9,31.83,91.79,6.62,143.31,papaya
46.1,62.5,61.8,34.93,89.35,7.1,143.0,papaya
67.4,49.6,51.9,35.63,92.43,7.16,134.64,papaya
46.8,58.0,43.7,31.42,93.52,6.22,147.05,papaya
57.3,58.4,52.2,33.78,94.01,6.8,159.32,papaya
47.0,69.4,47.7,33.53,84.93,6.47,132.45,papaya
52.1,53.3,52.6,32.34,88.06,6.63,120.0,papaya
56.3,56.9,49.7,40.91,91.09,6.79,153.55,papaya
45.4,40.3,50.4,31.71,93.72,6.64,147.87,papaya
44.9,72.9,44.5,37.01,93.47,6.77,126.2,papaya
63.3,50.4,55.9,32.82,93.42,6.9,132.0,papaya
57.9,61.6,43.1,30.74,90.85,6.79,130.11,papaya
56.3,58.2,43.3,34.31,91.02,6.51,132.13,papaya
56.3,58.2,52.2,35.95,89.82,6.51,138.14,papaya
53.7,65.5,59.6,36.76,94.3,6.27,139.0,papaya
66.1,72.4,47.9,38.69,89.24,6.44,133.24,papaya
50.4,61.0,54.2,42.84,94.55,7.29,131.63,papaya
54.6,64.2,56.4,34.75,92.62,6.46,139.57,papaya
38.4,61.6,54.9,32.01,91.86,6.34,145.52,papaya
43.4,67.1,48.1,35.36,90.03,6.8,138.26,papaya
40.4,55.3,43.5,33.2,87.93,6.67,160.38,papaya
60.2,67.6,36.8,36.78,90.06,6.64,150.62,papaya
29.6,67.9,48.4,30.11,91.01,7.12,119.14,papaya
46.8,67.7,57.1,41.11,84.89,6.86,150.86,papaya
26.1,53.7,43.3,36.57,91.41,6.54,152.08,papaya
43.3,57.7,54.2,28.95,94.77,6.57,136.48,papaya
46.1,60.9,44.3,31.87,93.7,6.55,120.57,papaya
61.1,48.0,50.6,36.45,90.51,6.96,143.12,papaya
53.2,71.8,54.2,37.53,92.14,6.61,142.88,papaya
43.3,58.9,46.0,30.18,90.33,6.16,126.18,papaya
58.5,61.3,51.0,36.14,92.45,6.69,121.23,papaya
50.1,54.4,47.5,28.16,96.62,6.24,141.69,papaya
50.3,48.4,54.2,33.73,94.91,7.36,139.5,papaya
40.4,54.2,51.4,37.34,93.56,6.41,136.74,papaya
42.1,60.8,50.3,32.35,90.52,6.65,141.75,papaya
43.4,64.4,59.4,29.48,94.25,6.78,126.46,papaya
50.4,60.3,54.0,34.44,86.94,6.61,136.48,papaya
50.6,61.8,45.9,32.19,91.24,6.61,151.0,papaya
62.4,56.3,49.5,35.89,93.75,6.83,137.75,papaya
53.1,63.0,49.5,31.34,94.22,7.16,117.92,papaya
28.3,70.9,50.5,31.68,94.01,6.93,135.91,papaya
52.1,64.6,65.1,27.94,92.88,7.14,126.95,papaya
38.4,65.5,52.2,34.51,91.41,6.39,147.01,papaya
42.3,61.4,37.8,33.52,93.61,6.8,147.78,papaya
43.5,47.0,46.7,30.43,89.14,6.75,118.12,papaya
44.7,50.6,38.4,34.58,89.47,6.81,154.39,papaya
39.0,62.6,48.0,37.08,92.19,7.11,126.32,papaya
51.6,58.9,38.1,33.35,92.52,6.63,166.39,papaya
38.7,62.5,44.8,34.8,86.52,6.58,142.27,papaya
52.9,72.4,40.9,34.82,93.37,6.86,124.3,papaya
67.9,64.8,52.3,30.39,94.32,6.17,125.87,papaya
39.4,69.1,50.0,40.17,91.77,6.63,148.22,papaya
47.7,59.8,51.8,32.59,99.12,6.66,137.13,papaya
29.8,52.5,49.4,35.97,89.95,6.42,141.55,papaya
47.6,58.5,41.6,36.31,90.92,7.02,167.19,papaya
55.1,52.6,53.1,33.58,90.81,6.38,132.51,papaya
55.8,71.5,61.5,35.82,91.77,6.66,143.9,papaya
50.6,65.3,52.5,34.74,91.01,6.79,164.3,papaya
57.1,63.2,47.4,29.75,87.78,7.11,147.06,papaya
70.4,68.9,41.4,33.0,90.36,6.7,118.9,papaya
63.7,42.8,44.6,32.16,91.71,6.98,150.58,papaya
45.8,63.7,52.7,32.61,95.69,6.91,125.55,papaya
38.4,48.5,56.4,30.09,98.61,6.74,164.1,papaya
46.8,58.9,51.6,37.38,96.01,6.37,130.66,papaya
42.4,56.5,54.8,38.81,89.67,6.27,187.54,papaya
53.6,64.3,54.2,36.93,89.91,6.73,165.01,papaya
40.6,60.8,53.0,37.81,91.52,6.54,131.05,papaya
49.4,69.8,46.0,32.97,97.35,6.98,143.3,papaya
56.7,54.2,51.0,32.09,91.5,6.92,154.3,papaya
49.2,64.7,44.9,31.66,88.02,6.64,154.75,papaya
42.4,60.3,50.1,35.93,90.5,6.35,149.64,papaya
27.0,16.3,38.0,25.7,95.04,6.08,179.34,coconut
21.5,19.0,24.9,26.8,96.58,5.56,205.21,coconut
20.5,13.0,28.9,29.96,90.17,6.03,163.78,coconut
20.6,13.9,30.5,28.02,92.24,5.57,178.13,coconut
25.4,19.0,25.2,23.74,94.56,6.11,190.94,coconut
23.5,20.8,21.2,23.46,92.34,5.36,149.58,coconut
23.2,14.5,28.9,26.87,92.55,5.44,237.93,coconut
25.2,11.7,28.4,24.57,93.95,6.25,176.57,coconut
13.8,30.1,28.1,28.3,96.95,5.84,178.84,coconut
23.2,20.1,31.1,27.08,93.97,5.7,201.14,coconut
22.9,15.9,37.1,27.33,98.24,6.38,194.3,coconut
28.7,20.5,28.5,25.59,92.01,6.1,176.76,coconut
15.9,16.5,30.9,30.48,91.24,6.26,178.6,coconut
28.2,20.5,33.6,32.69,100.0,5.95,145.92,coconut
22.3,17.6,32.8,26.44,93.03,6.8,164.87,coconut
24.0,17.4,26.9,27.71,91.07,5.82,186.34,coconut
28.7,16.5,30.5,27.19,89.77,6.52,184.88,coconut
24.2,11.2,32.7,26.48,98.23,5.98,200.42,coconut
23.6,24.8,24.4,25.34,93.98,5.5,173.59,coconut
23.0,13.2,36.3,24.83,94.24,6.14,148.25,coconut
20.1,11.6,37.2,24.73,94.52,6.09,197.13,coconut
21.9,16.1,26.4,27.81,98.04,5.68,204.72,coconut
19.1,13.2,31.0,25.96,94.46,5.72,193.96,coconut
21.8,16.8,33.2,21.84,100.0,5.99,172.73,coconut
12.7,19.8,27.3,27.89,95.4,6.1,196.89,coconut
23.7,21.0,32.4,26.92,98.19,5.26,244.58,coconut
21.5,20.3,30.8,29.69,97.42,6.32,178.3,coconut
20.7,15.8,22.7,27.75,94.89,5.85,149.77,coconut
22.9,17.2,32.3,24.04,93.24,5.6,164.27,coconut
16.3,18.6,24.5,22.54,96.0,6.28,188.51,coconut
29.7,10.0,34.7,25.56,96.53,5.99,143.9,coconut
21.6,19.3,26.6,25.75,93.28,6.36,179.39,coconut
21.4,11.2,29.2,28.89,95.5,6.13,183.61,coconut
18.1,25.2,36.9,26.98,98.71,6.0,206.7,coconut
22.1,15.4,32.5,29.27,100.0,5.95,202.2,coconut
27.5,16.3,24.6,24.35,97.56,6.14,193.29,coconut
26.1,13.9,24.9,28.93,100.0,5.88,132.75,coconut
25.4,14.5,27.0,28.44,93.11,5.74,194.42,coconut
24.2,26.1,32.0,22.96,97.11,6.18,190.11,coconut
20.6,20.8,31.8,29.65,99.02,5.96,181.12,coconut
16.2,10.8,25.8,27.19,92.31,6.01,141.4,coconut
21.2,23.0,24.2,27.78,93.54,6.33,160.46,coconut
21.1,21.8,31.4,25.27,100.0,5.97,152.66,coconut
26.2,15.9,29.1,29.55,92.07,6.0,135.7,coconut
23.2,18.2,40.8,24.63,90.98,5.82,175.94,coconut
28.4,16.9,30.2,28.66,99.58,6.13,160.04,coconut
26.8,24.9,39.1,28.64,98.59,6.1,228.51,coconut
20.2,13.8,24.1,25.05,96.3,6.27,172.62,coconut
14.8,17.6,22.1,30.97,94.86,5.83,201.88,coconut
27.5,15.3,24.4,27.46,93.68,5.86,144.62,coconut
27.4,11.3,35.9,28.31,95.85,6.24,165.4,coconut
16.5,25.8,38.8,23.95,99.74,6.08,177.94,coconut
28.0,12.3,26.1,31.24,95.72,5.73,157.84,coconut
23.5,17.9,27.7,24.55,100.0,6.39,167.56,coconut
22.6,10.0,24.2,29.05,92.31,5.49,171.64,coconut
28.5,15.4,20.9,25.01,94.94,6.24,171.32,coconut
27.4,18.7,33.6,25.76,93.88,5.62,213.1,coconut
24.6,13.7,31.1,28.58,91.74,6.57,183.56,coconut
23.9,19.3,30.1,29.06,94.54,5.54,185.59,coconut
24.5,15.9,23.0,24.46,96.25,6.35,186.79,coconut
20.4,21.6,38.2,29.18,96.57,5.98,188.25,coconut
21.8,22.4,27.5,29.09,100.0,5.89,174.34,coconut
18.4,14.7,32.7,25.12,96.39,6.06,169.59,coconut
20.7,17.3,22.7,30.2,98.45,6.19,179.34,coconut
20.5,17.7,29.0,24.09,95.2,5.73,199.14,coconut
19.5,19.5,31.5,25.75,100.0,5.76,198.52,coconut
22.5,17.1,31.6,27.96,100.0,6.19,171.19,coconut
20.7,17.8,30.8,25.29,96.59,5.49,191.36,coconut
24.0,16.0,32.5,27.53,92.02,5.82,172.11,coconut
15.5,17.5,24.3,27.48,93.35,6.91,176.68,coconut
21.5,22.2,31.0,26.63,95.85,5.71,166.53,coconut
22.5,19.6,30.6,28.66,96.37,6.34,172.37,coconut
20.8,19.8,31.2,26.54,97.1,5.82,202.83,coconut
21.3,19.9,30.4,27.46,96.38,6.15,177.85,coconut
15.7,16.4,23.6,29.29,95.02,6.2,178.71,coconut
23.4,18.3,23.4,28.58,93.09,6.34,147.06,coconut
24.6,12.7,18.9,28.57,96.2,5.94,169.82,coconut
24.0,22.1,34.1,24.7,100.0,6.6,171.17,coconut
26.2,5.9,34.1,28.05,98.06,5.82,159.42,coconut
22.8,16.7,34.2,25.24,96.6,6.07,176.43,coconut
23.9,21.6,31.5,24.44,98.09,6.07,167.42,coconut
22.6,11.5,19.3,26.86,93.89,5.66,177.6,coconut
24.8,18.6,24.9,25.19,93.48,5.91,178.43,coconut
15.7,14.3,30.9,28.58,92.76,6.05,156.88,coconut
18.4,15.5,30.7,28.63,94.62,5.87,168.03,coconut
28.3,20.8,28.9,23.19,93.73,6.73,177.55,coconut
12.2,17.8,31.8,25.34,98.62,5.75,199.69,coconut
21.4,8.9,30.1,24.08,93.57,6.35,181.13,coconut
26.7,13.1,30.6,26.07,92.59,6.26,162.76,coconut
21.6,20.9,26.8,27.91,100.0,6.0,183.98,coconut
20.4,18.8,34.9,26.52,93.65,5.74,210.15,coconut
22.5,24.0,27.8,25.82,95.46,5.77,194.33,coconut
20.6,23.7,23.3,29.6,96.35,5.84,186.95,coconut
22.1,15.6,26.1,22.39,91.59,5.46,190.51,coconut
19.3,27.0,28.3,29.47,98.71,5.7,204.8,coconut
26.4,17.1,35.0,25.91,96.91,5.56,197.51,coconut
27.7,13.1,29.8,26.84,99.68,6.4,187.34,coconut
21.5,14.5,29.1,25.95,92.96,6.19,197.37,coconut
16.5,8.0,23.8,30.09,95.3,6.24,154.37,coconut
19.9,23.4,33.9,24.54,95.12,6.18,145.95,coconut
119.9,38.6,21.7,21.33,76.57,6.94,79.39,cotton
118.8,39.2,20.9,24.17,72.56,6.21,77.29,cotton
111.5,45.6,23.1,29.45,75.36,7.88,79.44,cotton
127.9,40.6,22.2,28.04,76.25,6.71,70.4,cotton
95.6,39.8,22.9,26.73,82.61,7.2,62.15,cotton
111.6,46.7,25.4,26.39,85.76,6.89,54.87,cotton
112.2,35.5,23.5,26.1,72.63,6.58,78.43,cotton
98.4,38.9,19.4,27.48,81.76,6.53,74.83,cotton
135.9,60.4,15.5,22.63,74.12,7.53,71.89,cotton
101.7,49.2,26.7,19.93,83.15,7.28,95.87,cotton
110.9,40.8,19.0,24.21,76.89,7.68,69.69,cotton
128.9,48.9,18.1,21.55,74.74,6.92,97.0,cotton
125.8,50.0,13.1,20.83,84.0,7.02,99.49,cotton
104.7,53.0,21.4,21.84,77.07,6.79,56.59,cotton
126.2,45.1,20.6,31.46,78.42,6.79,81.11,cotton
121.5,52.8,13.9,24.41,68.9,6.48,75.2,cotton
146.0,31.7,21.8,25.09,84.73,6.93,45.06,cotton
122.8,38.6,18.0,20.33,84.1,6.58,62.66,cotton
116.3,47.1,30.8,18.47,80.03,7.08,89.3,cotton
107.7,48.3,17.7,21.54,72.36,6.97,104.23,cotton
109.1,39.6,18.3,28.31,86.05,7.02,90.83,cotton
108.1,47.8,16.5,25.0,76.67,7.57,83.88,cotton
134.5,41.6,25.1,25.8,77.73,6.88,79.74,cotton
118.2,44.1,18.5,26.22,91.56,7.2,100.19,cotton
124.8,53.2,17.1,22.23,76.48,7.72,105.78,cotton
136.2,52.4,22.8,28.16,83.71,7.42,72.96,cotton
89.7,39.0,14.5,22.1,82.81,7.36,56.0,cotton
133.3,38.6,22.5,28.22,81.95,6.78,54.82,cotton
118.7,43.1,27.1,25.33,81.41,6.99,95.86,cotton
123.2,45.8,22.3,18.63,81.88,6.37,79.44,cotton
108.1,41.4,22.6,21.76,81.36,7.1,82.2,cotton
108.9,53.3,23.5,18.65,79.74,7.01,58.51,cotton
123.9,48.4,26.8,27.49,87.56,6.91,70.96,cotton
146.6,48.8,24.8,23.93,73.44,7.31,76.45,cotton
130.0,37.1,21.8,17.31,85.11,6.42,82.49,cotton
133.2,54.2,23.6,25.13,84.11,7.55,75.22,cotton
115.7,26.3,16.5,22.39,83.49,7.26,67.55,cotton
110.8,51.8,23.1,19.55,85.58,6.87,70.59,cotton
108.6,52.5,16.0,29.03,79.54,6.84,94.5,cotton
112.1,43.0,18.5,24.32,70.66,7.09,82.94,cotton
93.4,54.9,7.7,23.12,79.64,7.51,87.35,cotton
109.3,45.6,21.6,22.8,75.04,6.94,69.21,cotton
111.3,46.4,17.4,19.46,76.34,6.96,44.55,cotton
115.9,48.4,24.4,20.09,73.79,6.91,73.72,cotton
119.6,68.3,21.6,27.85,77.61,7.61,69.6,cotton
122.3,55.4,24.5,22.58,77.02,6.75,84.19,cotton
117.8,50.9,15.7,24.07,68.11,6.89,119.43,cotton
111.0,39.6,24.2,17.87,83.5,7.49,88.34,cotton
94.4,47.0,28.4,20.05,91.1,6.96,112.83,cotton
111.1,40.3,23.1,25.83,83.03,7.35,86.83,cotton
106.3,51.8,23.2,25.13,78.99,6.54,72.44,cotton
123.6,47.0,20.7,29.26,79.73,6.82,84.17,cotton
128.9,38.1,17.9,28.03,77.9,7.49,101.37,cotton
129.3,46.6,23.0,23.31,80.45,6.63,101.95,cotton
127.1,40.1,14.0,25.42,79.81,6.84,73.1,cotton
116.4,47.1,18.3,23.05,75.79,7.0,83.04,cotton
111.7,40.0,12.9,30.16,88.41,6.5,62.85,cotton
109.0,46.2,17.2,27.45,72.56,6.73,89.9,cotton
99.9,51.3,22.6,24.51,83.59,6.95,98.64,cotton
129.9,45.6,22.0,24.6,79.49,6.92,80.48,cotton
115.9,43.3,20.2,28.33,89.5,7.41,71.99,cotton
103.0,47.4,20.7,25.74,81.7,7.52,84.32,cotton
108.1,50.9,12.5,28.68,78.2,6.56,85.01,cotton
107.6,38.2,18.5,17.42,78.76,6.94,80.97,cotton
118.5,47.8,17.3,25.38,80.2,7.17,82.14,cotton
130.8,55.2,17.4,22.45,74.29,7.51,77.91,cotton
113.8,50.0,22.4,29.27,76.17,7.19,91.95,cotton
91.0,46.4,16.6,28.64,71.08,7.02,88.83,cotton
115.7,50.5,17.6,24.1,75.39,7.17,68.2,cotton
116.1,49.2,11.7,28.61,80.47,7.17,67.87,cotton
115.3,51.3,18.8,29.35,81.5,6.53,76.95,cotton
110.5,31.8,15.6,24.22,70.1,6.98,88.84,cotton
120.6,35.1,20.3,31.42,79.31,7.48,81.78,cotton
118.8,53.0,16.2,23.91,82.82,6.82,72.28,cotton
117.7,35.5,20.4,23.36,79.19,6.95,83.14,cotton
123.0,48.8,19.4,26.6,76.83,6.8,76.03,cotton
112.8,43.5,26.7,22.94,77.94,5.97,90.57,cotton
112.2,39.0,22.0,24.26,77.3,6.91,84.0,cotton
134.6,48.4,12.6,28.23,76.82,7.02,76.22,cotton
124.7,47.4,14.9,24.06,80.87,6.7,82.78,cotton
127.9,60.8,20.2,18.91,91.54,6.44,95.78,cotton
132.7,41.6,16.3,25.1,76.28,6.55,73.16,cotton
124.3,56.1,8.1,21.91,78.41,7.21,84.83,cotton
129.1,48.5,25.4,26.6,79.74,7.69,79.15,cotton
99.0,41.4,22.9,26.09,76.56,7.45,85.12,cotton
120.4,51.6,22.1,28.41,85.49,6.36,72.15,cotton
115.8,50.0,17.6,26.72,68.15,7.24,81.32,cotton
138.1,46.3,21.7,27.27,77.34,6.63,93.29,cotton
129.1,47.9,17.2,21.99,84.09,6.67,68.76,cotton
110.4,41.8,20.8,26.41,78.53,6.72,64.05,cotton
122.5,40.2,16.3,29.91,75.9,7.18,64.5,cotton
120.0,51.3,26.1,21.93,82.2,7.28,65.95,cotton
123.5,44.4,13.7,29.4,84.53,6.86,87.14,cotton
105.8,45.4,24.9,22.35,81.05,6.87,63.13,cotton
122.3,48.0,20.2,21.44,75.99,7.09,76.43,cotton
115.3,47.9,18.0,24.89,82.28,7.13,87.42,cotton
121.4,36.0,20.7,26.15,77.99,7.37,85.0,cotton
109.3,55.0,22.9,26.74,83.73,6.39,75.37,cotton
111.0,46.8,25.5,21.11,87.42,6.91,82.29,cotton
132.1,44.6,21.3,25.3,66.97,6.47,81.29,cotton
75.8,30.9,33.0,25.29,79.78,7.17,201.61,jute
75.9,43.1,40.9,23.49,74.81,6.71,212.76,jute
100.4,53.0,33.4,27.95,83.48,7.02,181.62,jute
86.1,43.0,40.8,22.11,82.97,6.99,185.14,jute
102.8,40.8,46.9,24.33,77.3,6.92,132.34,jute
73.0,61.9,38.6,23.61,82.83,6.57,217.0,jute
77.2,58.7,34.1,22.68,81.5,6.77,163.49,jute
64.7,49.3,39.4,24.44,74.88,6.46,156.33,jute
69.9,54.0,35.8,23.27,76.58,6.71,169.9,jute
97.0,30.4,43.0,25.03,84.55,6.23,205.23,jute
72.8,40.5,39.3,25.05,81.24,6.38,219.16,jute
97.2,42.7,48.5,23.76,77.74,6.59,177.51,jute
65.6,44.3,45.8,24.26,76.57,6.32,194.96,jute
67.5,42.6,39.2,24.54,77.94,6.5,175.86,jute
74.6,28.1,43.6,26.62,78.22,6.63,154.24,jute
77.4,48.7,38.0,24.7,76.62,6.86,204.53,jute
87.2,49.8,40.2,26.65,73.03,7.08,162.56,jute
82.5,57.2,38.2,26.17,84.56,6.51,205.71,jute
73.8,40.5,43.8,26.14,83.88,7.23,200.97,jute
76.7,39.9,47.2,27.78,74.91,7.08,187.28,jute
74.8,27.2,44.0,22.76,80.55,6.9,211.58,jute
68.9,43.9,44.6,24.05,76.39,6.76,219.65,jute
69.1,52.3,44.6,28.53,78.95,6.83,171.5,jute
88.3,41.7,42.8,24.49,78.62,7.17,158.82,jute
59.7,61.0,34.3,19.37,78.29,7.19,137.71,jute
94.2,44.2,48.5,24.59,88.01,7.23,219.89,jute
74.6,47.0,49.0,25.27,78.24,6.72,166.21,jute
70.3,36.5,38.8,19.77,76.77,6.92,197.7,jute
85.4,48.0,38.1,27.67,76.95,7.24,160.17,jute
92.9,32.1,43.1,23.57,84.18,6.45,205.77,jute
89.2,50.9,42.8,25.66,73.39,6.57,161.0,jute
83.0,51.1,39.0,24.55,76.95,6.71,151.17,jute
88.9,55.5,33.7,22.42,85.79,7.06,170.83,jute
60.8,38.9,41.5,22.86,80.98,7.07,164.36,jute
72.8,47.1,42.8,23.13,80.77,6.61,186.93,jute
68.9,49.9,43.6,27.17,88.53,6.1,173.97,jute
90.2,49.1,41.7,24.7,80.99,6.8,187.55,jute
74.2,39.9,38.6,23.96,77.17,6.33,169.18,jute
86.5,29.3,45.0,23.13,78.87,6.1,161.7,jute
83.4,48.4,40.3,27.39,75.46,6.19,163.33,jute
69.4,44.9,37.7,27.93,85.02,6.83,215.9,jute
72.1,42.0,39.1,27.37,82.3,7.24,179.5,jute
90.9,51.3,31.3,25.98,84.5,6.72,135.32,jute
70.2,45.7,39.1,25.58,84.85,6.78,164.6,jute
79.2,36.8,43.4,22.57,78.34,7.17,176.94,jute
70.2,32.5,41.7,24.51,76.22,6.08,211.91,jute
74.9,38.1,47.6,23.63,79.79,6.91,195.57,jute
77.5,62.8,38.7,21.35,76.51,6.7,156.57,jute
70.2,51.1,42.4,27.11,80.66,6.93,223.37,jute
68.4,47.3,44.0,23.61,84.53,6.51,174.38,jute
80.9,44.7,51.7,27.39,79.33,6.37,199.93,jute
69.6,44.3,40.7,26.76,80.6,6.76,151.9,jute
69.9,54.2,34.8,26.11,79.62,7.36,127.04,jute
68.6,42.6,44.2,26.23,83.21,7.04,146.83,jute
77.2,50.0,49.3,23.77,77.33,6.5,109.99,jute
87.4,43.6,38.4,28.72,71.21,6.16,217.24,jute
93.1,59.6,44.2,25.09,81.88,6.03,179.29,jute
70.7,51.2,46.1,25.6,83.95,7.23,156.51,jute
99.5,54.7,45.1,23.7,81.79,6.32,184.05,jute
68.0,41.9,40.6,23.14,77.44,6.57,178.79,jute
88.8,53.4,36.5,25.95,75.46,7.23,187.42,jute
70.8,43.8,39.6,25.44,81.98,6.05,199.19,jute
69.3,46.8,42.3,23.42,80.57,7.3,169.2,jute
70.6,57.4,44.5,22.12,79.5,6.6,157.4,jute
77.5,38.7,41.7,22.46,87.29,6.24,191.56,jute
83.8,47.4,38.1,27.39,76.21,6.6,191.05,jute
84.7,49.1,42.8,23.77,87.1,6.41,177.01,jute
68.6,49.6,44.3,24.32,80.13,6.88,218.55,jute
68.1,42.8,41.9,27.9,72.66,6.44,166.24,jute
68.8,60.6,35.8,22.76,79.28,5.94,157.0,jute
76.9,36.9,39.1,23.55,83.84,6.61,183.36,jute
75.9,56.2,44.7,23.46,78.54,6.16,161.5,jute
68.5,54.5,33.1,28.24,74.1,6.78,184.91,jute
80.7,59.3,29.5,28.99,79.34,6.23,158.34,jute
100.6,34.9,47.5,26.5,76.57,6.5,167.0,jute
73.0,39.9,42.6,26.57,81.97,6.77,212.82,jute
73.7,56.4,43.0,23.84,83.09,6.62,166.89,jute
83.6,32.9,34.6,28.89,75.77,6.8,159.02,jute
72.4,34.8,43.7,25.54,77.18,6.97,198.41,jute
84.7,42.6,41.4,26.71,83.03,6.24,153.98,jute
70.8,47.3,32.1,24.79,76.56,6.67,161.14,jute
96.3,57.1,47.1,24.46,75.67,5.37,186.53,jute
81.4,44.7,40.8,28.33,75.29,6.8,193.77,jute
71.8,41.7,38.0,26.08,81.41,6.58,199.41,jute
72.1,48.2,38.1,27.9,81.24,6.31,160.06,jute
72.9,49.3,29.9,25.51,77.26,6.83,186.92,jute
91.7,49.1,43.0,23.3,80.02,7.17,165.68,jute
65.3,44.8,41.3,23.83,86.11,6.51,162.89,jute
71.3,32.3,39.0,25.21,76.1,6.32,199.06,jute
72.4,39.6,46.4,23.75,72.19,6.77,164.01,jute
77.8,55.9,33.1,22.79,81.82,6.17,180.56,jute
75.3,47.3,37.0,27.4,79.56,6.44,178.11,jute
63.1,43.7,35.7,23.91,77.16,7.19,153.58,jute
74.0,53.8,38.6,25.28,82.61,6.72,194.32,jute
77.0,38.1,40.3,25.59,83.36,5.95,186.21,jute
71.7,44.4,42.2,23.82,71.17,5.98,135.27,jute
84.9,47.0,38.3,27.9,77.39,6.76,180.55,jute
87.2,42.9,35.6,22.77,89.27,7.04,159.54,jute
77.2,46.7,48.4,25.52,82.33,6.05,196.94,jute
80.3,44.7,52.1,25.49,82.7,6.88,146.09,jute
97.4,28.0,27.3,24.71,66.36,7.09,114.24,coffee
104.6,32.7,31.3,24.93,51.9,7.03,177.58,coffee
101.5,18.6,27.5,25.13,63.59,6.41,167.39,coffee
108.6,29.2,28.8,26.89,51.41,7.0,152.98,coffee
85.8,31.6,22.7,23.51,62.01,6.91,168.13,coffee
117.5,25.7,35.7,23.31,68.31,6.98,140.39,coffee
106.3,29.4,32.6,27.47,57.94,6.95,159.3,coffee
114.6,25.9,34.0,24.07,57.72,6.94,172.31,coffee
109.7,25.4,36.5,22.47,62.05,7.61,102.3,coffee
100.9,27.0,25.9,24.03,57.35,6.78,149.95,coffee
88.2,25.4,28.2,24.34,68.09,7.08,157.59,coffee
95.4,32.4,20.5,28.11,59.96,6.66,154.47,coffee
116.9,25.3,45.7,26.85,57.4,7.04,184.23,coffee
114.9,24.5,29.3,27.3,56.3,7.08,137.77,coffee
94.8,37.8,35.2,26.64,54.34,6.91,146.82,coffee
72.8,33.8,23.8,26.89,55.86,7.3,123.51,coffee
98.9,19.7,35.0,23.62,57.25,6.53,185.19,coffee
98.1,25.2,39.3,24.6,56.56,6.65,153.57,coffee
98.5,30.2,29.7,23.02,55.71,6.86,150.11,coffee
106.3,30.6,24.9,24.58,69.49,7.06,157.06,coffee
109.8,21.5,29.3,26.37,53.85,6.85,169.45,coffee
110.9,34.8,18.9,25.27,59.73,7.19,164.25,coffee
105.5,33.1,29.8,27.62,61.96,6.6,205.66,coffee
83.0,31.4,34.1,22.72,62.15,6.46,166.17,coffee
97.6,35.8,29.8,26.0,58.71,6.89,149.63,coffee
124.0,31.3,28.6,22.5,57.8,6.78,147.9,coffee
104.7,31.2,32.6,25.19,61.26,6.96,150.93,coffee
104.7,36.8,33.0,26.48,60.33,6.79,130.97,coffee
104.6,34.5,21.7,24.57,57.71,6.7,158.72,coffee
105.2,24.8,30.4,26.1,51.19,6.78,172.1,coffee
77.2,32.2,42.2,23.08,56.66,6.81,146.96,coffee
98.6,25.7,23.3,21.67,53.27,6.71,143.47,coffee
100.6,31.5,29.6,26.11,55.66,6.74,185.29,coffee
113.8,31.4,39.7,28.49,59.17,6.68,132.32,coffee
101.5,22.1,35.5,23.01,60.79,7.06,120.78,coffee
84.5,28.4,27.4,27.44,67.9,6.86,137.25,coffee
105.3,30.3,31.0,25.09,56.31,7.48,130.27,coffee
93.0,26.8,30.0,22.33,62.87,6.85,164.95,coffee
88.8,30.6,26.3,22.74,60.53,6.63,151.51,coffee
92.7,33.0,29.6,25.03,65.48,7.6,154.05,coffee
106.4,28.8,28.6,24.19,61.88,6.92,178.75,coffee
113.6,30.1,30.6,22.37,53.96,7.1,145.56,coffee
105.8,35.9,26.3,21.61,50.38,6.98,171.95,coffee
107.3,31.4,23.6,23.31,60.56,6.99,185.2,coffee
105.7,30.0,29.8,25.39,56.36,6.96,149.8,coffee
102.0,24.2,38.6,24.99,54.1,6.47,171.27,coffee
108.0,32.4,30.4,24.0,52.66,6.91,153.65,coffee
76.8,30.7,28.3,25.4,59.8,6.4,174.63,coffee
102.1,35.4,33.8,27.08,66.54,6.75,129.71,coffee
90.6,29.2,29.2,25.79,56.96,6.58,128.38,coffee
112.6,19.9,39.3,24.76,61.95,6.91,150.96,coffee
99.5,20.5,30.0,26.86,58.49,6.9,142.0,coffee
101.3,32.7,33.5,23.08,52.55,6.94,148.7,coffee
85.9,26.1,26.2,24.55,62.67,6.89,154.05,coffee
111.2,31.2,32.5,24.6,53.53,6.62,170.96,coffee
107.3,29.6,31.4,22.53,59.11,6.72,150.66,coffee
106.6,28.2,29.7,24.16,57.29,7.08,143.17,coffee
92.9,28.5,27.5,20.85,63.47,7.12,151.67,coffee
93.3,24.7,26.8,28.82,53.71,6.46,144.16,coffee
103.2,28.9,31.4,23.13,60.95,6.34,141.19,coffee
94.1,26.1,33.1,28.17,54.8,6.58,128.97,coffee
105.3,27.1,29.4,25.08,56.44,7.11,159.25,coffee
79.4,27.4,31.4,26.13,40.82,7.16,147.76,coffee
96.1,27.9,29.8,24.02,69.46,6.52,175.39,coffee
119.0,33.6,30.5,25.42,61.75,6.89,131.95,coffee
105.4,28.4,29.0,26.3,55.16,7.35,148.24,coffee
102.7,34.1,30.1,26.33,53.38,6.92,190.63,coffee
120.9,36.7,43.5,26.55,56.52,7.23,141.09,coffee
77.6,33.3,31.6,24.26,62.58,7.1,153.74,coffee
92.8,31.7,33.2,24.04,49.54,6.53,136.11,coffee
97.0,30.6,32.2,21.81,58.29,6.74,133.73,coffee
109.6,33.3,28.7,26.05,67.85,6.81,185.85,coffee
109.8,29.4,36.5,27.16,53.33,6.83,161.08,coffee
92.3,33.9,28.5,28.23,59.4,7.07,160.41,coffee
111.0,32.1,35.3,25.61,70.02,6.92,127.47,coffee
97.0,27.2,28.3,23.47,62.16,5.92,164.46,coffee
113.1,33.5,25.2,21.61,59.63,6.41,178.83,coffee
90.7,29.5,31.8,27.08,61.53,6.14,178.69,coffee
99.8,28.5,24.5,21.41,57.0,6.85,170.03,coffee
96.1,26.6,32.7,24.32,65.5,6.87,137.67,coffee
111.6,29.8,24.0,24.55,57.0,6.88,163.64,coffee
95.8,34.0,28.4,24.86,49.2,6.51,170.02,coffee
100.6,33.4,22.8,25.07,57.04,7.0,125.7,coffee
106.1,30.8,44.1,25.28,54.17,7.01,137.82,coffee
106.5,32.0,21.7,20.17,57.59,6.42,173.99,coffee
109.9,35.4,30.0,25.03,57.7,6.36,173.77,coffee
103.1,28.3,35.7,20.54,64.99,6.8,130.13,coffee
96.8,23.4,35.2,26.46,62.48,7.34,172.31,coffee
97.5,35.5,34.3,23.89,60.32,7.31,159.72,coffee
101.3,26.4,28.4,20.69,58.99,6.97,172.06,coffee
103.5,25.5,36.8,23.37,53.71,6.58,146.58,coffee
99.5,20.0,34.6,23.86,48.09,7.07,169.61,coffee
101.2,31.9,31.1,27.38,59.57,6.66,173.19,coffee
85.8,20.9,31.2,25.39,62.97,6.57,151.68,coffee
107.7,25.2,28.5,25.69,58.46,6.16,158.32,coffee
102.8,31.9,25.5,27.36,56.33,6.83,146.33,coffee
111.0,32.6,36.2,24.81,61.32,6.61,187.73,coffee
101.0,25.7,36.6,26.51,58.58,6.83,155.84,coffee
83.6,28.3,25.6,26.37,67.43,6.11,141.4,coffee
97.4,24.6,29.2,22.43,65.16,6.85,145.12,coffee
125.96,46.51,41.79,13.4275,45.4334,7.4779,47.5699,wheat
118.34,52.48,42.8,14.0995,51.4037,7.7728,30.7783,wheat
127.77,52.94,45.42,17.3682,55.0315,6.7804,48.6961,wheat
138.28,50.19,45.27,17.0259,55.2819,7.3689,53.5564,wheat
117.19,54.03,33.11,15.4477,52.2996,7.0048,44.1343,wheat
117.19,57.42,35.31,15.7933,58.7371,7.0539,58.768,wheat
138.95,66.32,42.58,18.6942,48.5943,7.0223,32.2621,wheat
129.21,56.05,42.57,14.0211,54.1457,6.9408,27.5535,wheat
114.37,56.55,42.58,16.8677,55.7218,7.2146,22.2128,wheat
126.51,54.55,59.26,14.9945,58.0866,6.9507,54.9604,wheat
114.44,43.49,42.85,14.9558,59.2697,7.2811,46.5437,wheat
114.41,54.84,45.68,18.2469,48.2521,7.1849,39.4442,wheat
122.9,55.36,44.77,17.5635,45.7953,7.1283,42.7997,wheat
97.04,69.78,43.26,17.5338,62.6661,6.9277,28.7451,wheat
99.3,53.85,38.42,18.7637,56.9939,7.027,64.4575,wheat
113.25,56.81,43.79,15.5525,50.5091,7.4266,41.2922,wheat
107.85,54.79,36.14,17.2049,64.3069,7.3503,41.0939,wheat
123.77,47.99,38.82,14.7243,55.694,6.9067,47.2577,wheat
109.1,61.86,37.57,16.3104,62.0758,7.2298,44.8101,wheat
103.05,59.51,40.41,15.1746,55.4051,7.4254,42.2388,wheat
137.59,59.75,51.57,15.7425,67.3645,6.6992,32.0953,wheat
117.29,49.54,30.66,16.9879,65.532,7.363,44.7147,wheat
120.81,63.42,43.43,13.4544,53.5062,7.0012,58.8202,wheat
102.9,46.59,31.94,20.731,60.8294,7.3712,53.4542,wheat
113.47,58.52,37.64,12.985,58.8723,6.971,55.9319,wheat
121.33,68.14,45.44,12.4645,63.2118,6.6585,34.8878,wheat
106.19,49.06,40.32,18.3953,49.2105,6.7117,30.104,wheat
124.51,51.6,34.61,17.4792,59.1163,7.2144,38.7421,wheat
112.79,55.6,36.42,17.0603,61.3505,7.2779,40.5572,wheat
116.5,51.98,43.4,17.0709,44.4476,6.9287,50.9419,wheat
112.78,45.7,36.35,15.4694,47.9004,7.3916,23.0754,wheat
142.23,55.41,41.08,13.2569,42.7646,6.7015,55.2955,wheat
119.84,48.63,40.23,15.6895,53.3836,7.1802,38.4199,wheat
107.31,57.84,36.74,13.8071,59.3053,6.8367,35.7312,wheat
129.87,49.48,50.72,17.9378,64.0141,7.0044,29.879,wheat
105.35,64.3,43.17,15.1324,55.4446,7.2142,23.4514,wheat
122.51,50.3,29.87,13.4363,64.7717,6.9419,48.2317,wheat
96.48,53.07,40.93,14.6965,46.7194,7.0846,40.7332,wheat
104.06,59.88,36.69,16.5323,44.7797,7.5019,27.1004,wheat
122.36,47.61,44.26,14.0907,54.6667,7.0269,27.0492,wheat
128.86,56.36,36.04,13.4444,57.3044,7.4507,36.6422,wheat
122.06,62.84,39.43,16.1092,54.8038,6.8611,56.6902,wheat
118.61,45.36,42.52,16.1124,42.5953,7.3589,37.4041,wheat
116.39,56.11,44.33,14.2326,54.4653,7.6325,24.9686,wheat
102.26,56.56,34.0,14.3224,47.1732,6.4585,37.5426,wheat
111.36,59.69,38.33,16.0801,59.018,6.9609,37.2728,wheat
114.47,47.58,37.63,11.8798,57.1996,7.3731,13.0311,wheat
132.69,47.08,36.73,11.9813,49.3607,7.1391,39.4571,wheat
124.12,58.13,48.83,13.7039,51.9168,7.3113,37.6907,wheat
98.84,56.78,42.02,14.9664,48.6447,7.0188,46.9621,wheat
123.89,56.5,33.7,16.2773,54.6239,7.226,58.4896,wheat
115.38,57.08,44.59,19.1884,60.7309,7.1533,51.2657,wheat
111.88,50.92,50.61,17.6441,49.0856,7.5503,37.3111,wheat
127.34,56.39,45.16,15.1002,58.0243,7.2763,28.9347,wheat
132.37,56.76,32.4,15.4525,51.8185,7.3013,65.7336,wheat
131.18,50.71,37.58,12.9937,50.2428,7.0764,40.5922,wheat
109.93,66.19,46.33,15.4537,54.3578,7.0537,40.1393,wheat
116.29,57.84,36.46,14.7784,48.7885,7.0702,39.7587,wheat
123.98,47.85,42.22,16.3068,51.6781,7.3183,41.9808,wheat
131.71,58.94,43.87,13.4319,47.8127,7.0737,38.5564,wheat
114.25,49.15,35.37,16.7984,66.7884,7.2869,34.2634,wheat
117.77,59.72,39.7,19.3318,55.2116,7.8226,34.5314,wheat
106.72,61.95,23.79,15.2281,50.8016,7.4613,39.6725,wheat
105.65,50.08,34.88,16.5043,56.2839,7.1022,34.5658,wheat
129.75,60.78,38.74,17.2254,54.326,7.5604,32.8715,wheat
136.27,57.48,33.76,14.4969,53.6742,7.0776,41.0643,wheat
119.14,59.93,48.16,16.0602,58.685,6.5886,37.4502,wheat
132.04,66.38,32.85,15.5315,59.545,6.8976,55.0399,wheat
124.34,53.53,37.8,15.7442,51.817,6.6388,13.4903,wheat
112.26,50.48,40.65,13.5675,51.5451,7.0945,50.9151,wheat
124.34,49.66,47.21,15.5613,53.3497,7.2055,52.4609,wheat
138.46,50.11,32.82,16.745,41.1885,7.7029,19.2661,wheat
119.57,54.54,45.82,19.1279,45.9089,7.2981,36.5731,wheat
138.78,57.05,40.05,17.8982,63.2012,7.1343,36.2856,wheat
88.56,56.66,35.09,20.883,64.8698,7.4488,25.9249,wheat
129.86,59.96,42.31,13.5816,53.5058,6.5367,32.2218,wheat
121.04,55.08,41.0,17.6808,58.4593,7.2707,28.8942,wheat
116.41,63.72,37.0,15.9584,56.8675,7.4313,57.5227,wheat
121.1,53.41,40.35,20.9745,73.4733,6.7564,49.3568,wheat
96.15,71.32,38.07,13.4793,61.7174,7.5431,52.7156,wheat
117.36,58.75,40.57,13.4007,54.2325,7.3015,47.2167,wheat
124.29,49.86,43.31,14.0015,49.2668,7.0754,28.7095,wheat
137.73,48.57,47.93,10.1903,45.3613,7.3898,34.7548,wheat
113.78,57.89,33.81,14.1856,56.2208,7.8812,44.8937,wheat
110.3,53.66,50.67,13.6022,50.4619,7.2546,27.7787,wheat
113.98,59.28,30.24,15.876,46.4665,7.2745,47.13,wheat
130.98,57.84,39.24,16.3544,51.1206,7.0622,37.5967,wheat
123.95,54.56,42.94,20.1904,48.5107,6.945,36.2518,wheat
113.64,49.92,41.4,17.8761,65.1228,7.4491,47.1096,wheat
126.16,45.91,36.89,14.0577,60.2898,6.9432,44.4426,wheat
121.16,52.32,38.96,13.254,54.9522,7.2215,36.3903,wheat
131.62,60.14,37.53,16.7298,63.8797,7.0567,51.5933,wheat
111.58,56.28,37.05,12.1994,55.4642,7.3437,29.1894,wheat
116.07,47.53,44.25,20.0786,49.8323,7.3001,46.1594,wheat
115.29,56.04,41.79,18.4486,64.1387,7.5113,45.931,wheat
102.44,57.31,36.54,14.3271,58.2335,7.047,36.9045,wheat
123.55,49.7,44.5,11.2172,48.7765,7.119,43.2613,wheat
123.13,55.92,41.54,18.8847,53.858,6.9064,27.4889,wheat
120.06,55.35,44.06,15.2137,49.7463,7.0667,49.2403,wheat
117.18,48.14,43.15,18.5945,46.7032,7.3132,38.151,wheat
69.77,45.63,36.84,20.9984,55.9881,7.4376,24.6553,mustard
85.49,36.9,33.03,19.8116,32.6225,7.2712,37.9363,mustard
67.96,40.58,35.14,17.6491,62.5302,7.4367,28.6003,mustard
60.92,37.23,41.39,15.8827,49.1625,7.563,23.954,mustard
59.43,37.39,35.96,19.2456,56.6491,7.4147,34.2921,mustard
81.06,38.14,35.23,18.4837,43.7606,7.4122,22.8123,mustard
62.2,41.33,28.2,19.738,53.6766,7.1894,30.2254,mustard
92.55,37.13,38.73,19.0879,43.6795,7.2011,29.927,mustard
54.18,47.53,38.23,20.1239,46.2574,6.9792,38.6872,mustard
91.96,34.63,45.82,16.1619,61.4842,7.9249,33.7976,mustard
77.11,38.88,33.46,20.7935,48.8559,7.0268,29.7998,mustard
74.03,37.36,36.1,17.994,51.3046,7.1921,36.5421,mustard
69.55,48.68,36.25,22.6882,55.2204,7.1845,41.1217,mustard
78.99,41.18,42.89,15.777,52.9741,7.6685,34.4625,mustard
74.62,46.19,34.52,21.8399,50.9025,7.3115,30.0828,mustard
86.03,31.09,36.4,17.9948,52.1898,7.7743,19.5053,mustard
76.14,41.6,38.04,15.8715,64.4205,7.198,21.4791,mustard
76.5,45.34,35.93,16.2903,49.6543,7.4837,27.5582,mustard
71.36,40.49,32.77,16.6991,51.2066,7.1494,25.1239,mustard
74.43,46.39,35.97,18.5604,56.3039,8.0435,28.5042,mustard
78.08,36.9,40.37,18.8071,56.6332,7.0437,30.4532,mustard
57.9,48.46,29.87,16.0657,57.1222,7.4929,34.2375,mustard
61.52,53.79,35.66,17.4391,53.8324,7.5901,29.436,mustard
82.43,37.82,31.5,22.8557,43.142,7.5241,33.892,mustard
76.71,37.33,40.98,21.8189,59.8006,7.3444,30.5158,mustard
73.16,48.72,27.38,18.5908,43.1219,7.3611,14.1963,mustard
75.18,49.48,32.21,17.595,51.8158,7.4131,22.4853,mustard
78.48,36.86,36.89,17.8001,45.4743,7.3559,28.8473,mustard
69.6,37.48,42.83,19.0338,49.6152,7.6892,20.3224,mustard
67.22,38.31,34.67,14.943,51.9726,8.0632,34.7994,mustard
76.96,31.93,32.22,16.8566,51.9281,7.2328,42.246,mustard
65.22,34.49,44.41,13.3285,52.5315,6.9891,39.7501,mustard
79.08,33.98,27.76,18.4981,59.6823,7.3735,28.2925,mustard
57.97,35.39,24.01,19.118,52.7212,8.1739,41.9258,mustard
85.29,39.79,37.2,16.292,48.5351,7.1589,31.1893,mustard
79.73,41.41,32.49,21.435,55.7845,7.8917,27.3033,mustard
77.56,49.3,29.89,14.4356,57.1368,7.9033,25.0928,mustard
84.83,34.01,38.54,13.8391,42.6344,7.2339,27.5802,mustard
91.65,45.91,36.22,18.0611,53.5844,7.5707,26.8946,mustard
85.14,38.72,32.18,20.1177,54.207,7.8885,31.3633,mustard
56.59,39.7,28.6,21.7098,48.2146,7.2863,31.2846,mustard
62.2,44.05,39.36,16.3528,58.2542,7.3389,30.0244,mustard
68.75,33.26,38.25,20.1967,49.0997,7.2255,33.4955,mustard
75.26,42.29,34.5,17.4037,50.7535,7.0956,39.5252,mustard
80.18,41.0,44.23,17.0684,48.9616,7.2052,37.5964,mustard
67.74,42.95,29.65,19.7091,50.0935,7.0328,18.1208,mustard
76.87,41.74,27.37,19.1308,43.4223,7.4102,10.0,mustard
67.45,54.73,31.54,13.559,41.3597,7.169,37.4746,mustard
68.88,36.17,34.77,21.1914,59.567,7.4701,19.065,mustard
60.93,36.81,36.22,20.9502,44.9182,6.9332,28.2019,mustard
65.77,36.26,33.79,15.9361,44.0516,7.4993,20.6391,mustard
61.48,36.67,36.76,18.4895,37.0797,7.6501,15.5842,mustard
65.24,36.18,28.74,18.7351,46.1662,6.8019,34.3317,mustard
85.54,47.13,42.22,18.1517,42.0615,7.5122,36.0732,mustard
65.51,48.52,34.59,16.1242,59.8521,7.7683,25.3879,mustard
101.32,36.58,40.59,15.8209,56.0589,7.0371,10.0,mustard
79.93,35.01,36.71,17.4361,45.8711,7.9018,25.63,mustard
76.85,42.83,37.28,20.4318,63.5146,7.5257,33.1344,mustard
66.42,36.69,37.85,18.859,55.8906,7.1885,18.1687,mustard
82.0,43.8,37.24,16.5735,48.051,7.3833,31.4669,mustard
69.24,41.22,38.21,19.4292,35.0036,7.5675,29.8775,mustard
76.22,30.91,41.65,10.3786,63.7457,7.4228,34.6343,mustard
100.6,49.29,35.98,20.3719,41.6626,7.5616,30.9566,mustard
74.04,50.78,38.55,13.1507,40.1276,7.1238,22.2154,mustard
86.49,36.32,34.55,16.5939,56.1354,7.4508,39.5726,mustard
67.97,37.67,42.2,14.7008,64.6385,6.9759,28.7318,mustard
74.65,41.72,31.62,14.2633,58.3056,7.3666,29.7816,mustard
92.71,42.01,44.0,20.4021,53.3835,7.1288,22.5339,mustard
68.73,43.95,34.8,16.3307,53.5685,7.1793,26.4537,mustard
93.12,52.06,27.85,18.3663,55.1205,7.7708,22.9216,mustard
82.08,38.94,35.64,17.3827,54.5536,7.7274,28.6164,mustard
69.38,35.21,31.59,18.6926,51.6871,7.5827,43.6937,mustard
81.32,31.72,39.2,17.6921,50.6252,7.0723,19.0248,mustard
84.73,35.61,31.74,14.2925,49.6244,7.3051,17.0915,mustard
81.22,39.8,32.77,19.9907,45.4762,7.7639,41.7694,mustard
59.3,50.77,25.55,16.2656,48.3159,7.4425,28.3254,mustard
67.73,36.89,32.74,13.6085,39.8423,8.0958,24.6474,mustard
72.52,41.34,22.88,16.4297,49.41,7.518,38.3192,mustard
74.26,39.9,27.08,21.2519,44.0685,7.4576,25.1551,mustard
81.21,47.13,38.8,19.6256,43.3785,7.3073,44.6081,mustard
76.78,55.16,38.93,16.6284,51.0794,7.4401,35.4234,mustard
61.65,36.81,37.13,16.6269,58.352,7.3543,26.0967,mustard
78.8,37.06,30.17,16.6959,55.5099,7.6124,47.2585,mustard
81.11,46.26,34.76,22.6919,40.577,7.687,25.1543,mustard
80.6,44.09,34.98,18.4548,44.0622,7.1642,35.9368,mustard
85.81,51.08,29.21,18.5751,55.6446,7.0006,32.3943,mustard
83.34,43.5,42.52,20.0757,44.1051,6.8491,40.4139,mustard
79.59,37.84,39.39,18.097,48.6522,7.5524,42.4921,mustard
74.3,43.54,33.9,16.8524,53.3003,7.069,30.256,mustard
58.39,46.65,35.13,17.0091,44.1899,6.7541,23.9727,mustard
79.3,44.92,36.04,17.321,50.6323,7.5166,33.6798,mustard
77.08,43.04,24.79,17.4069,41.9958,8.1479,24.5783,mustard
77.72,46.4,33.76,19.3191,46.3918,7.3982,46.1071,mustard
62.23,47.02,31.59,17.6299,51.9187,7.6515,31.0923,mustard
64.19,48.29,29.99,19.3316,40.442,7.4245,27.0774,mustard
85.53,43.89,33.59,17.2982,52.6428,7.3703,31.4774,mustard
74.6,39.0,43.99,17.6966,49.8822,7.6757,19.223,mustard
81.82,40.88,38.2,12.5045,53.3149,7.3129,22.2271,mustard
75.28,47.24,32.14,19.7908,51.3435,7.4802,39.6033,mustard
75.3,35.1,37.86,18.3662,58.1848,7.4965,24.7448,mustard
23.72,76.23,48.9,27.2013,85.506,7.0788,163.1205,soybean
33.22,65.59,58.25,27.4784,75.6967,6.6665,176.387,soybean
37.11,63.45,46.12,27.7694,72.458,7.2692,160.1895,soybean
34.31,69.97,45.2,28.7194,68.4314,6.9479,172.301,soybean
35.98,68.64,47.1,27.3196,66.9843,6.7571,132.6596,soybean
25.46,66.37,44.28,26.0175,68.0793,6.9791,185.3323,soybean
21.47,75.57,50.74,27.8451,77.3356,6.1716,180.0301,soybean
39.01,77.64,59.75,30.2998,78.5436,6.3493,159.5728,soybean
28.06,70.71,51.94,26.2347,68.094,6.3224,196.4811,soybean
28.5,81.82,48.49,24.5509,80.4752,6.8572,203.4393,soybean
37.97,60.87,48.25,28.7142,73.5847,7.493,139.811,soybean
33.34,68.45,40.62,26.2592,76.734,7.6925,160.9319,soybean
32.74,64.27,55.3,22.1547,84.0611,7.0552,160.7714,soybean
42.99,55.07,49.53,28.1948,80.4842,7.0003,156.5024,soybean
26.14,69.34,48.92,25.4293,74.6573,6.0796,200.7369,soybean
35.57,69.03,69.16,26.3189,71.544,6.5829,175.1543,soybean
30.34,82.11,51.79,27.164,65.2409,6.4849,173.3871,soybean
31.61,75.05,45.49,26.881,72.4042,6.5517,129.9034,soybean
39.17,61.81,47.44,27.9189,74.9443,6.7327,195.8855,soybean
33.05,84.83,56.89,25.629,71.0641,6.6112,149.0185,soybean
33.23,79.77,50.68,27.5262,75.3437,6.0083,181.4983,soybean
36.44,74.66,41.37,25.9809,76.3843,7.0992,186.9344,soybean
27.81,68.19,55.52,27.9776,74.8757,6.3709,214.0165,soybean
24.96,62.32,45.99,27.7307,72.75,6.8957,147.2795,soybean
23.73,67.02,61.24,24.6291,76.8433,7.6296,104.5122,soybean
18.2,78.71,56.48,28.672,78.2097,6.4322,184.5962,soybean
42.34,85.08,47.32,25.4281,70.548,5.7879,225.0128,soybean
23.38,82.35,57.69,28.1161,83.0547,6.6856,210.9737,soybean
28.67,66.09,50.41,27.2346,75.5071,7.2404,185.2415,soybean
28.34,61.04,55.12,30.1764,76.0942,7.5833,167.7091,soybean
31.84,71.13,52.91,26.0531,79.5411,6.3082,200.1781,soybean
34.89,55.85,44.92,25.8014,77.1661,6.9987,155.6613,soybean
35.16,72.59,46.14,26.4612,80.7657,6.6139,191.9089,soybean
26.5,68.82,56.18,25.8936,77.4356,6.7576,192.6368,soybean
29.0,66.27,47.99,28.0999,72.9378,7.8577,206.5052,soybean
31.7,57.24,47.58,23.2674,77.8075,6.1988,248.9915,soybean
28.51,74.11,44.27,24.3926,70.2814,6.9015,189.8104,soybean
39.64,65.74,52.54,24.3644,76.5428,6.9871,167.2759,soybean
32.95,60.64,62.38,28.4006,75.8339,7.2343,179.3606,soybean
34.41,47.02,43.59,29.9212,74.9594,6.8392,135.7731,soybean
33.98,69.78,50.15,26.2911,75.3573,6.9232,162.6322,soybean
37.04,84.18,58.47,26.1624,66.5908,6.6433,169.7679,soybean
31.09,83.29,49.52,26.6401,73.2564,6.9077,166.8978,soybean
22.22,66.34,52.71,28.8238,76.4642,6.6627,183.8089,soybean
32.4,65.18,43.63,24.6453,76.7993,7.0486,159.4395,soybean
26.09,73.75,52.57,26.9767,70.8616,6.6522,208.0258,soybean
26.83,62.01,48.88,28.4504,82.3285,6.9508,180.0052,soybean
33.52,72.41,55.91,27.5022,71.6691,6.7883,179.7675,soybean
37.43,76.13,57.12,26.8792,80.8473,7.2504,171.8026,soybean
30.13,79.82,65.54,28.5021,78.136,6.7794,183.8798,soybean
31.85,69.2,53.48,21.0935,72.7689,6.0908,200.6275,soybean
40.21,68.37,51.95,27.8558,84.8766,7.3048,158.3217,soybean
31.44,62.98,51.17,25.1918,70.0318,6.4377,163.5471,soybean
45.61,63.38,47.88,22.8387,80.5958,6.5385,172.4068,soybean
33.39,68.19,52.03,27.5224,81.0029,6.5617,146.3532,soybean
19.44,72.94,48.23,29.2473,72.6469,7.3498,159.5186,soybean
34.52,77.31,51.01,26.2251,82.9623,5.9457,168.0945,soybean
32.29,63.57,57.91,28.4057,74.7498,8.0551,201.8597,soybean
37.74,81.94,43.96,29.7246,77.4435,7.2224,186.564,soybean
34.04,67.83,56.84,29.1298,77.3016,6.8893,184.8397,soybean
29.17,69.83,57.9,29.7799,75.3285,6.778,201.2724,soybean
22.65,64.02,49.29,27.9843,80.054,6.9142,176.5657,soybean
28.75,50.61,37.27,26.6509,79.9674,7.0084,189.7616,soybean
24.9,77.07,46.35,23.2961,67.2573,7.0581,177.4195,soybean
26.52,75.89,57.78,26.0079,82.5217,7.0222,186.6341,soybean
33.53,67.75,49.86,24.8135,67.6875,6.8358,165.431,soybean
40.02,70.54,44.0,30.8419,81.1627,6.7211,119.0296,soybean
32.37,74.13,46.97,26.1482,81.6335,6.7395,176.643,soybean
22.82,57.5,55.04,26.7464,70.5452,6.722,215.5687,soybean
32.67,65.77,53.28,27.603,73.9459,7.2535,203.1554,soybean
37.18,76.35,48.57,26.5872,70.4715,7.0374,204.1349,soybean
26.34,59.97,47.8,29.8901,74.9254,5.6238,210.9033,soybean
29.2,72.35,47.65,25.2547,74.4598,7.0624,182.2164,soybean
30.09,59.15,44.47,26.8892,79.8983,6.8779,184.9329,soybean
25.29,73.73,59.69,25.0151,82.5515,6.7925,164.5587,soybean
33.89,69.71,48.07,23.86,82.9784,6.6446,172.0982,soybean
29.27,57.08,57.3,25.2765,73.1892,7.2496,195.3943,soybean
32.52,79.32,59.13,26.4259,74.9539,7.179,210.0971,soybean
24.68,64.12,55.99,25.6414,67.5828,6.4908,176.5138,soybean
27.38,63.52,47.41,25.1152,71.9706,6.9628,168.7453,soybean
34.33,71.6,52.42,23.6874,80.8243,6.4113,180.0132,soybean
27.76,79.19,49.85,26.3338,84.0779,6.2482,195.0302,soybean
40.36,61.87,44.58,23.4906,69.8283,6.5493,143.9036,soybean
27.6,70.49,51.95,28.0201,73.0377,7.145,122.5955,soybean
31.35,73.43,42.93,26.6649,75.868,7.1813,166.2366,soybean
35.6,75.54,57.13,23.5849,77.4008,7.0052,149.4822,soybean
21.49,71.41,47.21,25.8816,71.952,7.09,167.2965,soybean
19.44,67.06,51.21,24.9957,78.1203,7.0065,176.3055,soybean
20.85,63.38,51.7,27.1383,73.6308,6.5434,168.6688,soybean
37.58,70.69,48.45,29.1809,75.9277,6.9728,216.3117,soybean
26.69,61.42,53.52,22.7497,78.7314,7.1202,188.1686,soybean
45.35,46.63,47.15,26.7301,76.0321,7.1017,187.5119,soybean
26.61,73.49,55.23,26.1797,73.8181,7.2756,195.5552,soybean
31.11,77.23,41.92,27.8427,75.452,7.0833,151.5292,soybean
39.25,51.1,50.76,26.9264,75.5582,6.9406,205.9778,soybean
42.04,61.92,61.63,24.9961,74.1499,7.2281,178.1059,soybean
42.37,74.95,44.0,25.8619,74.706,6.7894,196.762,soybean
37.25,86.46,45.93,24.9079,83.9932,6.4473,153.2036,soybean
36.14,70.17,53.08,28.652,78.8046,6.7348,141.156,soybean
33.56,64.18,51.08,26.5426,74.5226,6.502,200.4472,soybean
186.78,89.43,100.52,25.8348,81.4237,6.2494,221.6043,sugarcane
163.76,73.47,80.02,28.5305,83.8091,7.2479,242.7294,sugarcane
164.35,80.76,86.16,26.36,76.0121,6.7459,270.3681,sugarcane
200.26,64.65,92.5,27.185,74.3266,6.5241,240.7113,sugarcane
158.59,67.35,109.96,33.0204,71.4891,6.7503,217.4793,sugarcane
209.57,78.78,121.1,32.0214,73.0475,6.9262,241.3527,sugarcane
163.79,86.87,96.07,24.1013,95.0,6.7581,214.3466,sugarcane
191.49,77.84,88.17,30.4892,85.4681,6.1178,210.7171,sugarcane
174.08,72.5,95.35,30.4342,69.8936,7.3588,199.4576,sugarcane
190.86,74.99,98.88,24.5552,70.0653,7.51,256.9024,sugarcane
170.21,65.0,86.79,30.4563,80.8912,7.2606,185.4471,sugarcane
177.07,79.84,107.95,32.6138,81.2836,6.5449,255.971,sugarcane
180.74,82.06,92.3,24.6324,81.2933,6.9194,224.9959,sugarcane
161.96,71.38,94.98,25.2475,76.4703,6.9974,168.0208,sugarcane
193.33,71.24,96.66,31.053,77.2473,7.2395,221.0295,sugarcane
170.76,77.13,94.22,28.8145,79.9673,7.2673,146.9992,sugarcane
175.89,71.51,98.39,29.6544,78.5154,6.7063,228.7652,sugarcane
162.1,74.47,83.83,29.0218,64.6842,7.0328,236.5569,sugarcane
133.88,91.8,84.42,29.1721,76.6212,7.1829,192.2293,sugarcane
176.56,73.02,79.0,24.0206,72.8916,7.5823,213.7064,sugarcane
223.43,72.13,94.4,31.142,79.0513,7.2818,268.6247,sugarcane
194.12,69.82,97.79,31.5088,95.0,7.3156,194.8276,sugarcane
179.65,80.95,94.58,27.3118,80.2049,7.0335,178.2328,sugarcane
175.27,73.55,106.74,27.8696,76.1188,7.5642,254.4499,sugarcane
180.4,69.81,89.94,23.4067,83.5308,7.1639,268.8776,sugarcane
189.85,85.57,96.69,29.5428,80.8961,6.6556,210.1109,sugarcane
158.75,86.36,79.08,29.7162,80.5206,7.5613,240.3439,sugarcane
200.06,70.2,86.13,27.8134,81.6411,7.2792,250.2443,sugarcane
192.88,60.07,96.96,31.3731,90.3393,6.8228,187.7255,sugarcane
192.93,83.06,98.49,26.9978,71.2147,6.8082,195.4408,sugarcane
187.89,69.52,87.06,29.6938,80.8418,7.1186,246.9262,sugarcane
180.35,81.33,89.28,24.941,72.4417,7.1853,260.5504,sugarcane
192.11,59.24,74.82,27.9293,81.3331,7.0789,226.8864,sugarcane
190.65,82.14,86.43,27.4769,72.4879,7.1245,183.6056,sugarcane
173.63,65.31,98.9,28.6759,75.4958,7.68,269.6118,sugarcane
169.68,80.85,95.75,26.8914,76.2295,7.4286,194.0709,sugarcane
181.83,75.11,95.01,27.6056,83.8549,7.0763,199.9459,sugarcane
207.88,67.37,90.5,30.4781,83.5107,7.3765,220.2701,sugarcane
157.7,71.74,90.07,26.6897,70.5257,6.587,256.6248,sugarcane
153.58,80.49,83.4,23.1803,78.3296,7.1592,235.6193,sugarcane
182.97,75.85,96.99,33.2488,73.7425,7.7237,222.446,sugarcane
180.92,79.68,94.21,32.1444,70.449,6.9128,223.8987,sugarcane
183.12,90.81,94.92,24.1232,76.6979,6.6609,211.3054,sugarcane
184.39,62.49,84.74,30.0691,76.1491,6.7392,226.7442,sugarcane
175.98,87.94,68.47,26.4911,92.5603,6.5641,134.1132,sugarcane
206.82,75.83,100.97,28.7905,80.5978,6.6861,201.1018,sugarcane
151.18,67.81,85.21,28.8827,69.7343,6.8518,217.2397,sugarcane
165.09,64.36,81.37,27.2968,74.6114,6.4378,175.4696,sugarcane
178.14,73.49,96.93,25.6487,84.1283,7.0062,221.5897,sugarcane
150.42,82.37,86.08,25.9284,90.5307,7.3609,203.8659,sugarcane
176.83,73.98,100.6,25.2514,68.4841,6.6369,262.6643,sugarcane
209.91,87.09,96.17,25.5045,66.7205,7.6077,257.1906,sugarcane
180.38,63.39,96.84,27.7985,89.2258,7.2043,196.0258,sugarcane
184.15,74.9,76.34,25.8527,80.3377,7.4122,205.4749,sugarcane
157.32,64.98,102.12,30.0462,72.7902,6.7369,207.7816,sugarcane
168.91,77.91,92.61,32.4617,81.2078,7.3418,196.4502,sugarcane
173.25,82.1,86.31,26.2598,62.1855,6.5632,215.8507,sugarcane
174.28,71.63,91.43,28.7182,78.0203,7.3561,187.2515,sugarcane
203.07,54.17,72.24,29.4991,79.9669,7.0687,176.0815,sugarcane
190.04,76.59,94.09,29.416,83.5456,7.2213,228.6813,sugarcane
159.99,78.49,79.71,28.2279,71.9166,6.5298,228.8859,sugarcane
184.44,78.23,76.47,30.228,78.5141,6.642,185.8705,sugarcane
188.97,84.89,74.78,29.4467,72.4475,7.2389,236.8607,sugarcane
200.52,66.43,101.13,24.287,79.5323,6.6207,191.0527,sugarcane
208.45,80.44,83.71,30.6075,72.6279,7.1853,217.595,sugarcane
161.73,84.54,105.34,30.6619,75.5514,6.4531,234.6103,sugarcane
165.4,60.77,84.64,25.7101,72.0251,7.3393,208.9916,sugarcane
157.36,77.56,72.93,28.1138,81.9068,6.507,223.6422,sugarcane
175.79,70.97,78.83,30.05,83.1507,7.2209,194.5071,sugarcane
188.39,74.35,102.36,27.3721,76.5923,7.2503,204.106,sugarcane
197.77,77.78,88.44,31.2189,78.2294,6.7213,203.8242,sugarcane
178.63,71.1,84.52,35.0916,69.3085,7.2328,187.6026,sugarcane
174.24,69.59,91.6,25.642,76.2019,7.1042,204.6968,sugarcane
182.73,75.27,95.02,23.8569,77.6988,6.7845,163.5415,sugarcane
164.97,66.3,101.17,28.9115,93.7248,6.5966,195.2654,sugarcane
217.61,66.31,104.48,30.1647,71.3282,6.2149,201.4537,sugarcane
151.06,80.43,86.4,27.3074,86.7851,7.1399,202.3146,sugarcane
183.33,65.81,76.74,32.3598,83.9812,6.3741,202.7551,sugarcane
216.42,80.33,85.87,23.9842,79.6838,7.0381,208.1471,sugarcane
180.12,78.7,92.6,30.0788,88.5517,6.8946,224.3832,sugarcane
176.58,61.19,80.36,26.1824,80.2326,7.2717,236.2355,sugarcane
173.57,69.58,80.43,33.1581,80.335,6.8792,190.507,sugarcane
176.75,84.55,93.44,33.9775,77.6813,6.8682,173.904,sugarcane
204.71,67.15,89.51,25.7,85.3414,7.2927,178.7387,sugarcane
140.19,71.28,90.33,26.3513,84.5788,7.134,195.3839,sugarcane
207.6,78.7,82.42,30.5788,74.2459,7.1265,199.4424,sugarcane
154.37,81.27,87.7,26.8386,70.0845,7.1877,186.9001,sugarcane
175.2,72.99,80.76,27.8638,76.7821,6.3858,171.1165,sugarcane
172.27,70.22,98.9,28.0762,73.1998,7.3027,196.3164,sugarcane
190.59,86.38,100.35,22.241,77.6189,7.245,215.4428,sugarcane
151.23,88.91,71.54,27.9585,85.4246,6.5933,227.8509,sugarcane
188.32,82.83,80.7,25.9308,75.2562,6.9024,193.2773,sugarcane
216.44,75.68,75.03,26.5206,77.7431,6.9843,197.6101,sugarcane
155.46,68.53,83.5,32.3309,78.3481,6.9462,182.1991,sugarcane
183.41,68.36,89.17,24.2305,83.0906,7.1335,209.0568,sugarcane
168.08,79.18,75.5,30.4396,64.5187,7.5725,184.5471,sugarcane
187.67,78.35,80.78,27.1631,74.3598,7.4327,227.1938,sugarcane
180.34,86.21,79.96,27.1607,79.2677,6.4751,156.424,sugarcane
168.45,80.2,92.07,30.3711,85.2005,7.2488,199.2111,sugarcane
188.78,62.98,90.69,29.0202,75.0486,7.5316,219.0332,sugarcane
51.47,29.77,20.46,29.2328,51.1111,7.6354,72.3714,bajra
71.54,27.88,25.7,33.1389,52.5527,7.1248,73.5464,bajra
52.8,27.15,27.93,35.1237,51.3337,7.5866,67.9322,bajra
41.97,31.65,39.44,33.6765,57.6732,7.0897,63.5173,bajra
49.24,22.41,32.78,29.176,44.2861,7.9403,71.5396,bajra
35.79,33.75,23.32,31.9035,45.938,7.9245,27.0163,bajra
49.36,27.92,32.43,27.7671,45.364,7.7128,75.231,bajra
43.34,24.35,22.26,32.431,54.9812,7.6447,66.8927,bajra
57.32,27.75,35.41,32.1265,55.4024,8.2045,61.6629,bajra
45.6,36.29,27.64,26.3255,52.7074,7.4999,95.7029,bajra
49.07,27.32,29.53,28.0955,57.101,7.0273,54.876,bajra
44.92,31.79,36.63,30.2922,42.9318,7.6798,58.9539,bajra
63.91,26.35,23.56,30.2479,60.0033,8.3344,94.8733,bajra
47.43,33.79,23.01,27.9763,59.1394,7.0941,52.5191,bajra
64.66,33.43,27.08,31.9724,54.4137,7.3554,56.7483,bajra
56.51,39.24,35.19,31.6287,60.6908,7.6666,62.7946,bajra
53.86,29.12,22.4,30.5143,40.0603,7.4784,77.611,bajra
52.95,33.34,15.84,29.1105,46.8533,7.1071,68.117,bajra
53.15,30.49,27.74,33.6218,45.5882,7.9487,45.6106,bajra
34.58,36.48,32.76,35.1385,54.3289,8.428,57.0175,bajra
47.77,26.41,36.0,29.7911,43.6992,7.5785,55.8897,bajra
56.76,33.73,27.68,29.4696,54.545,7.1384,63.8417,bajra
49.61,29.03,27.94,32.228,58.2232,6.8804,71.3877,bajra
38.76,29.68,35.77,30.1049,54.1712,7.6032,71.2731,bajra
49.58,30.46,20.65,30.6515,51.7025,7.9416,38.3598,bajra
63.63,31.26,28.06,32.8491,44.0728,7.6901,80.9591,bajra
59.98,29.42,30.95,26.2266,44.9189,7.499,68.7885,bajra
49.5,31.07,32.25,34.2958,57.4977,7.2643,85.768,bajra
57.61,37.89,27.45,31.1817,54.6761,7.0631,71.663,bajra
47.07,34.93,30.17,29.9713,49.7659,7.8339,81.5198,bajra
36.37,34.35,17.56,30.7769,47.4925,7.8655,71.9982,bajra
42.6,27.72,26.71,30.9061,37.8452,6.8817,85.1934,bajra
62.5,25.55,32.27,26.672,43.5749,8.1359,72.8338,bajra
47.81,34.78,25.09,34.7373,61.4685,7.7296,63.5313,bajra
48.05,34.38,30.29,31.1033,42.3173,8.0598,99.0865,bajra
47.6,37.36,32.23,32.1075,51.1369,6.9631,78.3356,bajra
65.23,26.98,28.29,33.3789,56.0447,6.9537,73.6062,bajra
63.01,28.85,30.85,28.4471,42.4705,7.4404,45.8554,bajra
67.75,21.8,25.19,32.1837,51.1083,7.7011,45.6754,bajra
48.73,28.04,28.97,30.3309,55.6275,8.2185,69.3907,bajra
52.36,34.98,33.05,33.1169,50.075,7.7824,67.1828,bajra
37.87,27.67,30.78,25.6819,67.2104,7.4029,55.7882,bajra
61.82,33.2,27.07,30.7523,39.9884,7.0895,67.1147,bajra
40.66,29.05,31.12,29.4929,56.3524,7.992,88.8294,bajra
51.73,31.62,33.57,32.0807,48.9632,7.1141,75.431,bajra
41.22,24.26,19.75,32.1751,54.6315,8.1514,47.8849,bajra
45.29,30.43,35.8,29.2309,52.6478,7.3862,63.3274,bajra
43.3,15.04,28.32,29.2196,45.6011,8.1362,52.9255,bajra
45.14,29.07,32.13,30.7233,51.374,7.7716,59.1845,bajra
45.69,21.85,35.99,28.7584,38.8526,7.4452,58.7958,bajra
45.61,36.03,23.14,33.105,53.6195,7.2922,57.8353,bajra
56.67,33.89,26.45,30.077,51.789,7.3636,46.173,bajra
41.16,32.33,28.56,23.7325,53.832,7.6713,63.0852,bajra
51.76,37.61,26.08,30.0629,56.3487,7.5309,56.5909,bajra
59.74,25.26,38.67,28.4036,52.2057,7.2625,21.0583,bajra
45.89,38.74,25.72,26.9218,50.8885,7.4337,95.7946,bajra
44.26,34.66,27.22,27.9064,44.7136,7.5314,81.3315,bajra
48.16,28.82,31.02,31.2735,45.7267,6.6485,59.3555,bajra
59.44,35.68,23.99,34.3216,57.1204,7.6833,65.2823,bajra
51.55,24.47,28.02,31.783,58.618,7.1081,47.4252,bajra
45.75,25.88,31.59,29.4837,48.5713,7.0387,90.4358,bajra
53.87,26.96,28.34,32.1398,50.276,6.8251,93.4593,bajra
41.18,27.36,29.53,29.8523,44.5723,6.7824,67.3504,bajra
55.45,24.72,27.35,29.2635,57.0365,6.9578,80.353,bajra
53.27,36.12,22.43,28.1141,53.9925,7.2164,67.6293,bajra
47.54,28.71,31.61,26.6204,61.6473,8.2813,44.9491,bajra
43.29,31.76,38.77,30.0252,44.7301,7.2896,58.8226,bajra
42.91,27.15,30.09,31.3951,47.732,7.5711,66.9789,bajra
54.28,20.9,31.13,30.7584,51.3887,7.6602,58.1818,bajra
59.83,31.35,33.46,29.9601,53.8789,7.5524,61.7202,bajra
44.9,20.44,23.65,28.6356,48.706,7.469,63.629,bajra
53.67,29.66,38.51,32.5206,44.7622,7.0219,63.7868,bajra
33.3,23.16,31.01,27.7072,55.2884,8.0804,65.7839,bajra
45.32,39.94,38.16,32.9401,54.3268,8.2229,49.0909,bajra
49.75,34.56,26.33,28.4945,44.5024,6.8269,54.2448,bajra
42.72,30.53,39.09,29.1189,58.1327,7.0904,45.7312,bajra
42.51,36.32,33.88,27.333,57.0212,7.3881,79.6672,bajra
44.66,25.77,32.77,29.7465,50.8058,7.1142,33.4153,bajra
52.34,32.72,31.17,33.4383,50.4776,7.7024,82.3039,bajra
48.5,31.0,28.76,32.2891,53.3243,7.2087,85.7952,bajra
32.09,31.32,36.0,33.4461,44.8298,8.366,60.4673,bajra
33.03,36.36,30.7,32.3054,50.1802,7.9762,25.9529,bajra
45.15,33.66,20.16,28.2408,37.0857,7.585,59.5803,bajra
53.66,31.44,24.41,30.173,55.2587,7.9108,64.0372,bajra
28.02,21.73,29.07,29.0495,40.631,7.9424,49.841,bajra
46.0,25.2,31.55,34.3264,59.0205,7.2744,57.2717,bajra
45.79,29.39,29.72,28.008,48.0193,7.1735,87.9529,bajra
61.11,30.47,36.09,33.2342,48.73,7.5313,74.9739,bajra
46.92,24.35,20.24,33.2324,46.2336,7.8447,51.1315,bajra
53.06,42.06,30.72,35.5741,48.2718,7.5556,41.036,bajra
51.13,37.58,20.91,29.9758,58.5112,6.8692,60.0947,bajra
32.96,33.01,33.8,32.7808,35.0731,7.1789,61.7981,bajra
56.15,30.36,29.53,36.7041,57.6618,7.4704,72.443,bajra
51.72,28.94,32.1,29.4559,52.0281,7.4697,56.9702,bajra
54.07,25.24,25.68,27.1624,42.7579,8.289,72.6725,bajra
81.41,30.39,36.4,26.3,43.5481,6.9456,94.0273,bajra
33.33,31.29,35.21,32.7818,60.0584,7.7022,77.2325,bajra
63.8,23.79,32.92,26.2921,44.327,8.0956,64.2787,bajra
47.7,31.67,29.35,30.0692,43.0799,8.4086,62.2527,bajra
52.3,29.22,32.9,32.0933,56.8239,7.3382,59.6499,bajra
